sector,Fallecimiento (Death),Días de ausencia,Traslado / restricción,Otro caso registrable
Salud / asistencia social,0.003,35.837,17.514,46.647
Transporte / almacenamiento,0.023,45.056,40.025,14.897
Comercio minorista,0.006,36.425,24.232,39.338
Manufactura,0.046,29.653,37.333,32.968
Comercio mayorista,0.043,40.957,40.123,18.878
Alojamiento / alimentación,0.06,38.814,30.914,30.213
Administración pública,0.068,39.292,17.809,42.831
Arte / recreación,0.0,28.503,45.276,26.221
Agricultura / silvicultura,0.102,35.509,31.311,33.077
Construcción,0.22,36.098,31.574,32.108
