clase,recall,precision
Fallecimiento (Death),0.0,1.0
Fallecimiento (Death),0.0,0.0
Fallecimiento (Death),0.02564102564102564,0.0009216589861751152
Fallecimiento (Death),0.02564102564102564,0.0006024096385542169
Fallecimiento (Death),0.02564102564102564,0.000441306266548985
Fallecimiento (Death),0.02564102564102564,0.00035248501938667606
Fallecimiento (Death),0.05128205128205128,0.0005825808330905913
Fallecimiento (Death),0.05128205128205128,0.0004904364884747426
Fallecimiento (Death),0.05128205128205128,0.00042936882782310007
Fallecimiento (Death),0.07692307692307693,0.0005645464809936018
Fallecimiento (Death),0.10256410256410256,0.0006773920406435225
Fallecimiento (Death),0.10256410256410256,0.0006113403637475164
Fallecimiento (Death),0.10256410256410256,0.0005600672080649678
Fallecimiento (Death),0.1282051282051282,0.0006435834727764191
Fallecimiento (Death),0.1282051282051282,0.00059509640561771
Fallecimiento (Death),0.15384615384615385,0.000661521499448732
Fallecimiento (Death),0.15384615384615385,0.0006158899609936358
Fallecimiento (Death),0.15384615384615385,0.0005753188225141433
Fallecimiento (Death),0.15384615384615385,0.0005405405405405405
Fallecimiento (Death),0.15384615384615385,0.0005120327700972862
Fallecimiento (Death),0.1794871794871795,0.0005663430420711974
Fallecimiento (Death),0.20512820512820512,0.0006179992275009656
Fallecimiento (Death),0.23076923076923078,0.0006623003900213407
Fallecimiento (Death),0.23076923076923078,0.0006332231056075424
Fallecimiento (Death),0.23076923076923078,0.0006053268765133172
Fallecimiento (Death),0.23076923076923078,0.0005797474877608864
Fallecimiento (Death),0.2564102564102564,0.0006148927012236365
Fallecimiento (Death),0.2564102564102564,0.0005922767116796967
Fallecimiento (Death),0.28205128205128205,0.0006273167949814657
Fallecimiento (Death),0.28205128205128205,0.0006056935190793458
Fallecimiento (Death),0.28205128205128205,0.0005861977084998667
Fallecimiento (Death),0.28205128205128205,0.0005653492316389988
Fallecimiento (Death),0.28205128205128205,0.0005470459518599562
Fallecimiento (Death),0.3076923076923077,0.0005775339301183945
Fallecimiento (Death),0.3076923076923077,0.000559753708368318
Fallecimiento (Death),0.3076923076923077,0.0005431584664825963
Fallecimiento (Death),0.3076923076923077,0.0005273798013536082
Fallecimiento (Death),0.3076923076923077,0.0005111385611449503
Fallecimiento (Death),0.3076923076923077,0.0004978426817125788
Fallecimiento (Death),0.3076923076923077,0.0004855154555753358
Fallecimiento (Death),0.3076923076923077,0.00047344748678292435
Fallecimiento (Death),0.3076923076923077,0.00046223180925234007
Fallecimiento (Death),0.3076923076923077,0.00045078888054094667
Fallecimiento (Death),0.3076923076923077,0.0004396248534583822
Fallecimiento (Death),0.3076923076923077,0.0004292920259006189
Fallecimiento (Death),0.3076923076923077,0.00042019749282162615
Fallecimiento (Death),0.3333333333333333,0.0004452817263230005
Fallecimiento (Death),0.3333333333333333,0.00043554006968641115
Fallecimiento (Death),0.3333333333333333,0.0004259781112785897
Fallecimiento (Death),0.358974358974359,0.00044805735134097164
Fallecimiento (Death),0.38461538461538464,0.0004697040864255519
Fallecimiento (Death),0.41025641025641024,0.000490571822780929
Fallecimiento (Death),0.41025641025641024,0.000481203007518797
Fallecimiento (Death),0.4358974358974359,0.0005016525023607177
Fallecimiento (Death),0.4358974358974359,0.000491670522906062
Fallecimiento (Death),0.4358974358974359,0.0004814363795984254
Fallecimiento (Death),0.46153846153846156,0.0004996391495031366
Fallecimiento (Death),0.46153846153846156,0.0004898092465101091
Fallecimiento (Death),0.46153846153846156,0.0004816568997350887
Fallecimiento (Death),0.46153846153846156,0.00047324832391218614
Fallecimiento (Death),0.46153846153846156,0.00046482801363495507
Fallecimiento (Death),0.46153846153846156,0.00045722414143466774
Fallecimiento (Death),0.46153846153846156,0.00045056320400500626
Fallecimiento (Death),0.48717948717948717,0.000467646262521844
Fallecimiento (Death),0.48717948717948717,0.00046004842615012106
Fallecimiento (Death),0.48717948717948717,0.0004529201430274136
Fallecimiento (Death),0.48717948717948717,0.0004463971054671898
Fallecimiento (Death),0.5128205128205128,0.00046247051750450906
Fallecimiento (Death),0.5128205128205128,0.00045507292543630116
Fallecimiento (Death),0.5128205128205128,0.00044797849703214247
Fallecimiento (Death),0.5128205128205128,0.00044164734459534063
Fallecimiento (Death),0.5384615384615384,0.0004566805845511482
Fallecimiento (Death),0.5641025641025641,0.00047159699892818866
Fallecimiento (Death),0.5641025641025641,0.0004648018254035325
Fallecimiento (Death),0.6410256410256411,0.0005216810650640624
Fallecimiento (Death),0.6410256410256411,0.0005147740142077627
Fallecimiento (Death),0.6410256410256411,0.0005076451357443093
Fallecimiento (Death),0.6410256410256411,0.000500030001800108
Fallecimiento (Death),0.6410256410256411,0.0004928341908648254
Fallecimiento (Death),0.6410256410256411,0.00048622051072602445
Fallecimiento (Death),0.6410256410256411,0.00047952431188261245
Fallecimiento (Death),0.6410256410256411,0.0004722862432463067
Fallecimiento (Death),0.6410256410256411,0.0004663309084126096
Fallecimiento (Death),0.6666666666666666,0.00047829286239882266
Fallecimiento (Death),0.6666666666666666,0.0004720149592433237
Fallecimiento (Death),0.6666666666666666,0.0004650746802611573
Fallecimiento (Death),0.6666666666666666,0.000459640066471025
Fallecimiento (Death),0.6666666666666666,0.0004539898725336127
Fallecimiento (Death),0.6666666666666666,0.00044841502535269566
Fallecimiento (Death),0.6923076923076923,0.00045989541637568343
Fallecimiento (Death),0.6923076923076923,0.0004544612950463719
Fallecimiento (Death),0.717948717948718,0.0004658359259320878
Fallecimiento (Death),0.717948717948718,0.0004603446008154676
Fallecimiento (Death),0.717948717948718,0.0004549664462245909
Fallecimiento (Death),0.717948717948718,0.0004502403962115487
Fallecimiento (Death),0.717948717948718,0.0004454201266265789
Fallecimiento (Death),0.717948717948718,0.00044086851096660423
Fallecimiento (Death),0.717948717948718,0.00043656547702574175
Fallecimiento (Death),0.717948717948718,0.000432118770930753
Fallecimiento (Death),0.717948717948718,0.00042776827181618184
Fallecimiento (Death),0.717948717948718,0.00042363264997352293
Fallecimiento (Death),0.717948717948718,0.00041940653974625907
Fallecimiento (Death),0.717948717948718,0.0004150915425098214
Fallecimiento (Death),0.717948717948718,0.0004108222313516051
Fallecimiento (Death),0.717948717948718,0.0004067875406787541
Fallecimiento (Death),0.717948717948718,0.0004027386226339106
Fallecimiento (Death),0.717948717948718,0.00039916176030336295
Fallecimiento (Death),0.717948717948718,0.0003954467135553484
Fallecimiento (Death),0.717948717948718,0.0003919372900335946
Fallecimiento (Death),0.717948717948718,0.0003881933757573237
Fallecimiento (Death),0.717948717948718,0.0003848003848003848
Fallecimiento (Death),0.717948717948718,0.0003813207315910608
Fallecimiento (Death),0.717948717948718,0.00037755184595884687
Fallecimiento (Death),0.717948717948718,0.0003740065451145395
Fallecimiento (Death),0.717948717948718,0.00037045857479294013
Fallecimiento (Death),0.717948717948718,0.0003673094582185491
Fallecimiento (Death),0.717948717948718,0.0003642939852460936
Fallecimiento (Death),0.717948717948718,0.00036075965676295516
Fallecimiento (Death),0.717948717948718,0.0003578183305219036
Fallecimiento (Death),0.717948717948718,0.00035497857450746725
Fallecimiento (Death),0.717948717948718,0.00035217467864060575
Fallecimiento (Death),0.717948717948718,0.00034924475821037005
Fallecimiento (Death),0.717948717948718,0.0003465818366361757
Fallecimiento (Death),0.717948717948718,0.00034401415372518185
Fallecimiento (Death),0.717948717948718,0.0003413260517108968
Fallecimiento (Death),0.7435897435897436,0.0003507456368452244
Fallecimiento (Death),0.7692307692307693,0.00036012244163015426
Fallecimiento (Death),0.7692307692307693,0.0003571215999047676
Fallecimiento (Death),0.7692307692307693,0.00035434186903524523
Fallecimiento (Death),0.7692307692307693,0.0003517988648623294
Fallecimiento (Death),0.7692307692307693,0.00034928396786587494
Fallecimiento (Death),0.7948717948717948,0.0003581041274388624
Fallecimiento (Death),0.7948717948717948,0.00035543529357808684
Fallecimiento (Death),0.7948717948717948,0.0003528943024645683
Fallecimiento (Death),0.7948717948717948,0.00035032602922397137
Fallecimiento (Death),0.7948717948717948,0.0003478924451227724
Fallecimiento (Death),0.7948717948717948,0.0003453769622424992
Fallecimiento (Death),0.7948717948717948,0.00034292414739101095
Fallecimiento (Death),0.7948717948717948,0.0003406518538054109
Fallecimiento (Death),0.7948717948717948,0.0003380588876772083
Fallecimiento (Death),0.7948717948717948,0.00033585404433273384
Fallecimiento (Death),0.7948717948717948,0.0003336705917809399
Fallecimiento (Death),0.7948717948717948,0.000331316931363957
Fallecimiento (Death),0.7948717948717948,0.00032916741879652144
Fallecimiento (Death),0.8205128205128205,0.00033757410806591135
Fallecimiento (Death),0.8205128205128205,0.00033534189153785695
Fallecimiento (Death),0.8205128205128205,0.00033321878937448584
Fallecimiento (Death),0.8205128205128205,0.00033112240146521664
Fallecimiento (Death),0.8205128205128205,0.0003291063733506114
Fallecimiento (Death),0.8717948717948718,0.0003475558644941018
Fallecimiento (Death),0.8717948717948718,0.0003453284174817433
Fallecimiento (Death),0.8717948717948718,0.0003431986110550329
Fallecimiento (Death),0.8717948717948718,0.00034101622836051434
Fallecimiento (Death),0.8717948717948718,0.00033888844589745635
Fallecimiento (Death),0.8717948717948718,0.0003368738110336081
Fallecimiento (Death),0.8717948717948718,0.00033499187152076455
Fallecimiento (Death),0.8717948717948718,0.0003328601497870674
Fallecimiento (Death),0.8717948717948718,0.0003307779118185002
Fallecimiento (Death),0.8717948717948718,0.0003288105760954711
Fallecimiento (Death),0.8717948717948718,0.0003268476505421826
Fallecimiento (Death),0.8717948717948718,0.0003249328631363667
Fallecimiento (Death),0.8717948717948718,0.0003229207229625127
Fallecimiento (Death),0.8717948717948718,0.0003207789267114499
Fallecimiento (Death),0.8717948717948718,0.0003190062018558655
Fallecimiento (Death),0.8717948717948718,0.0003171819318245424
Fallecimiento (Death),0.8717948717948718,0.000315381333135447
Fallecimiento (Death),0.8717948717948718,0.0003136473496798952
Fallecimiento (Death),0.8717948717948718,0.00031196381219778506
Fallecimiento (Death),0.8717948717948718,0.0003102161476628863
Fallecimiento (Death),0.8717948717948718,0.00030852154660036477
Fallecimiento (Death),0.8717948717948718,0.00030683428241388337
Fallecimiento (Death),0.8717948717948718,0.00030517632908779206
Fallecimiento (Death),0.8717948717948718,0.0003035605871218885
Fallecimiento (Death),0.8717948717948718,0.0003019860020606104
Fallecimiento (Death),0.8974358974358975,0.00030929657122658185
Fallecimiento (Death),0.8974358974358975,0.0003077464169524312
Fallecimiento (Death),0.9487179487179487,0.00032371803284425663
Fallecimiento (Death),0.9487179487179487,0.0003220667983948887
Fallecimiento (Death),0.9487179487179487,0.00032041567438839577
Fallecimiento (Death),0.9487179487179487,0.0003188280913399397
Fallecimiento (Death),0.9487179487179487,0.00031725888324873094
Fallecimiento (Death),1.0,0.00033272759847457193
Fallecimiento (Death),1.0,0.0003310386975749293
Fallecimiento (Death),1.0,0.00032939467394150286
Fallecimiento (Death),1.0,0.00032779444766635566
Fallecimiento (Death),1.0,0.000326209694282966
Fallecimiento (Death),1.0,0.0003246969495137871
Fallecimiento (Death),1.0,0.00032307768775784087
Fallecimiento (Death),1.0,0.0003215646179977243
Fallecimiento (Death),1.0,0.0003200709080165452
Fallecimiento (Death),1.0,0.0003185832033132653
Fallecimiento (Death),1.0,0.00031709121657330094
Fallecimiento (Death),1.0,0.0003156846714855797
Fallecimiento (Death),1.0,0.00031426775612822125
Fallecimiento (Death),1.0,0.0003129287725970681
Fallecimiento (Death),1.0,0.0003115438997307941
Fallecimiento (Death),1.0,0.0003101169697596196
Fallecimiento (Death),1.0,0.00030878126410299045
Fallecimiento (Death),1.0,0.0003074376256355682
Fallecimiento (Death),1.0,0.00030614407611212724
Días de ausencia,0.0,1.0
Días de ausencia,0.022179384435443695,0.9696969696969697
Días de ausencia,0.044098854209534535,0.9608305804624823
Días de ausencia,0.06775108839264442,0.9609831029185868
Días de ausencia,0.08791613420260348,0.9568599717114569
Días de ausencia,0.10442071519850982,0.9499507389162561
Días de ausencia,0.12384933613463579,0.9440316988608222
Días de ausencia,0.13751651541077345,0.9364306784660767
Días de ausencia,0.15419437284758172,0.9274361646690985
Días de ausencia,0.16619376638003855,0.9179327670774016
Días de ausencia,0.176655331499491,0.9033115516668513
Días de ausencia,0.18581732331217918,0.889476412649041
Días de ausencia,0.19409127336524507,0.8736472652822462
Días de ausencia,0.20221360653252182,0.8610163238956009
Días de ausencia,0.21100738590829343,0.8486062717770034
Días de ausencia,0.21917303818579567,0.8362118833154285
Días de ausencia,0.2264939678139011,0.8237101220953131
Días de ausencia,0.2332734085641881,0.8141204928566029
Días de ausencia,0.24044272130650438,0.8040706939012023
Días de ausencia,0.24728714072212957,0.7935084792882958
Días de ausencia,0.2540882410275293,0.7844199264460047
Días de ausencia,0.2614958088760857,0.7718815932485136
Días de ausencia,0.2677770798587797,0.7615967473664756
Días de ausencia,0.2750763499317724,0.752280535481578
Días de ausencia,0.2811193658082263,0.743143429716576
Días de ausencia,0.2882453594403171,0.7358584462261543
Días de ausencia,0.2949165024150404,0.7282841249465126
Días de ausencia,0.3025190062596114,0.7215104866205186
Días de ausencia,0.3096883190019277,0.7140074906367041
Días de ausencia,0.31648941930732744,0.7060642667310945
Días de ausencia,0.3231172431718253,0.6996857558275879
Días de ausencia,0.32959345015053393,0.6938896488828089
Días de ausencia,0.33528991314518397,0.6876332622601279
Días de ausencia,0.3418527583443436,0.6825376232485729
Días de ausencia,0.34793909333102296,0.6772915085589004
Días de ausencia,0.3541553856483788,0.6720509658857378
Días de ausencia,0.3599601464185926,0.6663325448057416
Días de ausencia,0.36628473651151205,0.6618527650581191
Días de ausencia,0.37182958262037297,0.6563061513170471
Días de ausencia,0.37767766250081225,0.6519479548343677
Días de ausencia,0.38337412549546235,0.6475451818248336
Días de ausencia,0.3892222053759016,0.6433711646557588
Días de ausencia,0.3950269661461154,0.639301738642737
Días de ausencia,0.4009833438021183,0.6354867499656734
Días de ausencia,0.40689640234789576,0.631143961028053
Días de ausencia,0.41263618445277134,0.6272966743496872
Días de ausencia,0.41798609456561764,0.6232801498611201
Días de ausencia,0.4232926855682384,0.6189194324803649
Días de ausencia,0.42862093612597196,0.6145843038603683
Días de ausencia,0.43379756979791634,0.6101818846540535
Días de ausencia,0.4386709696982824,0.6062320402298851
Días de ausencia,0.44373930559466307,0.6026474481541403
Días de ausencia,0.44913253481773485,0.5995836224843858
Días de ausencia,0.4548073382572722,0.596347732242765
Días de ausencia,0.4600489505945548,0.5926835393587633
Días de ausencia,0.46507396738071,0.5895337982538027
Días de ausencia,0.4697524312850614,0.5860829617619241
Días de ausencia,0.474994043622344,0.5829346092503987
Días de ausencia,0.4799974008533865,0.5798424867212643
Días de ausencia,0.4841343758799194,0.5759785605689696
Días de ausencia,0.48883449933938355,0.5726719106825678
Días de ausencia,0.4937078992397496,0.5697787776527934
Días de ausencia,0.4987762351361303,0.5668709844176945
Días de ausencia,0.5037362732569473,0.5642437769906351
Días de ausencia,0.5085446944919751,0.561550788070125
Días de ausencia,0.5136563494985813,0.5586967276839353
Días de ausencia,0.5188763022807511,0.5564950752648207
Días de ausencia,0.5232948515237497,0.553544425606012
Días de ausencia,0.5280166345383266,0.5509650589883831
Días de ausencia,0.5333448850960602,0.5486264287146582
Días de ausencia,0.5385215187680045,0.5462834794454332
Días de ausencia,0.5432649613376941,0.543688899486268
Días de ausencia,0.54790010613182,0.5411719401835569
Días de ausencia,0.5529251229179752,0.539122721801018
Días de ausencia,0.5575169486018757,0.5365741802338914
Días de ausencia,0.561957157399987,0.5341224909933093
Días de ausencia,0.5670471528514804,0.531886796286138
Días de ausencia,0.5718122549762827,0.5298332229514119
Días de ausencia,0.5770105482033399,0.5279533878990864
Días de ausencia,0.5817539907730295,0.5258737151248164
Días de ausencia,0.5866490502285083,0.5241514107675039
Días de ausencia,0.5916957265697762,0.5222328426687058
Días de ausencia,0.5960492971474366,0.5200309913451
Días de ausencia,0.6001212935086313,0.517539599521817
Días de ausencia,0.6044098854209534,0.5151470398198231
Días de ausencia,0.6088934133292903,0.5130582373660869
Días de ausencia,0.613463579458078,0.5108950539341246
Días de ausencia,0.6178821287010765,0.5087112363357527
Días de ausencia,0.6220624228378349,0.5066506721236284
Días de ausencia,0.6261777383092552,0.5044846961923708
Días de ausencia,0.6307045853278174,0.5025716258198136
Días de ausencia,0.6350581559054777,0.5006830601092896
Días de ausencia,0.6395416838138145,0.499239145137292
Días de ausencia,0.6438302757261366,0.49729811118732536
Días de ausencia,0.6481188676384587,0.4954139072847682
Días de ausencia,0.6521908639996534,0.4935177749004311
Días de ausencia,0.656934306569343,0.49194686389956693
Días de ausencia,0.6616777491390327,0.49043185101942527
Días de ausencia,0.6659230219411293,0.48887722813210577
Días de ausencia,0.6699733587472113,0.4870414108014486
Días de ausencia,0.6739153977777297,0.48511779472067607
Días de ausencia,0.677857436808248,0.4833732334543208
Días de ausencia,0.6825792198228249,0.48172549259389474
Días de ausencia,0.6864995992982305,0.48016179611871107
Días de ausencia,0.6899001494509303,0.4784306657053593
Días de ausencia,0.6939938053672378,0.47676512164273493
Días de ausencia,0.6979141848426433,0.47517364439397736
Días de ausencia,0.7022677554203036,0.4737365029733639
Días de ausencia,0.7065130282224004,0.4722190051537437
Días de ausencia,0.710173493036453,0.47086193526151016
Días de ausencia,0.7142454893976478,0.46955630232955514
Días de ausencia,0.7186640386406463,0.468234032344557
Días de ausencia,0.723234204769434,0.4672291719139171
Días de ausencia,0.7273278606857415,0.4659811553779332
Días de ausencia,0.7312265806060344,0.4645083173956714
Días de ausencia,0.7347570880894106,0.4630683757183614
Días de ausencia,0.7390023608915073,0.461947765336655
Días de ausencia,0.7428794212566874,0.4605118289964822
Días de ausencia,0.7467781411769803,0.4591189943538937
Días de ausencia,0.7505035846563711,0.4576432363895713
Días de ausencia,0.7541207303601984,0.4561856345483609
Días de ausencia,0.7576512378435747,0.4548528034952668
Días de ausencia,0.7620264679763478,0.4537037037037037
Días de ausencia,0.7652970607983712,0.4521871560572321
Días de ausencia,0.7695206740453551,0.45131540503804574
Días de ausencia,0.772921224198055,0.4498298247825539
Días de ausencia,0.7762784552405294,0.4485550869200636
Días de ausencia,0.7799389200545821,0.44725009936406995
Días de ausencia,0.7838159804197622,0.4458956603169127
Días de ausencia,0.7876497216747168,0.44474475943546216
Días de ausencia,0.7914401438194459,0.4435273411421982
Días de ausencia,0.7952522255192879,0.442510726510148
Días de ausencia,0.798717754337326,0.4412271465492486
Días de ausencia,0.8024648573718296,0.44003800700754203
Días de ausencia,0.8060820030756568,0.4386713501025484
Días de ausencia,0.809374255452793,0.43736978861864745
Días de ausencia,0.8126448482748164,0.43606968932693313
Días de ausencia,0.8161970153133055,0.43477709064057596
Días de ausencia,0.8208105005523186,0.4340943195225604
Días de ausencia,0.8245142844765968,0.43301748359135944
Días de ausencia,0.8283480257315515,0.43208188812689946
Días de ausencia,0.831856873659815,0.4307730270537036
Días de ausencia,0.8355389980289805,0.42943337415117444
Días de ausencia,0.8389178886265676,0.42803465652904255
Días de ausencia,0.8425350343303949,0.4268892254340335
Días de ausencia,0.8461738395893348,0.4255896290647639
Días de ausencia,0.8495094110766965,0.42422636366586264
Días de ausencia,0.8529749398947346,0.4229876909196365
Días de ausencia,0.856570426043449,0.4219246772644831
Días de ausencia,0.8599276570859234,0.42070127475601615
Días de ausencia,0.864259568108471,0.4196411669436089
Días de ausencia,0.8674435227100435,0.41842363708548386
Días de ausencia,0.8705841582013906,0.41715792095649284
Días de ausencia,0.8742879421256687,0.4159239147234902
Días de ausencia,0.877905087829496,0.4147174985163812
Días de ausencia,0.8818038077497888,0.4131059045570314
Días de ausencia,0.8852909961229396,0.41152424965515855
Días de ausencia,0.8891897160432325,0.41037405785801395
Días de ausencia,0.8922653728692412,0.4091757881563003
Días de ausencia,0.8958825185730686,0.4077604818754498
Días de ausencia,0.8989581753990773,0.4064317750053859
Días de ausencia,0.9020771513353115,0.4054398722778735
Días de ausencia,0.9051961272715459,0.4040958799470127
Días de ausencia,0.9083800818731184,0.40273683199692706
Días de ausencia,0.9115423769195781,0.40168941490884796
Días de ausencia,0.914358119084234,0.40067007716327674
Días de ausencia,0.9171522016937772,0.3994264800211297
Días de ausencia,0.9195347527561784,0.3982439518587657
Días de ausencia,0.9222421971452707,0.39718845906288186
Días de ausencia,0.9251229179752648,0.39616743806405535
Días de ausencia,0.92832853213195,0.39517601283446124
Días de ausencia,0.931382529402846,0.3940707478005865
Días de ausencia,0.934198271567502,0.39274982243348083
Días de ausencia,0.9372739283935108,0.39144436303110897
Días de ausencia,0.9406094998808725,0.3900079928872284
Días de ausencia,0.9437284758171067,0.3884995363435338
Días de ausencia,0.9468691113084537,0.38709334655639577
Días de ausencia,0.9498364703588988,0.38562597279258526
Días de ausencia,0.9523922978622019,0.3843316522301567
Días de ausencia,0.9547531893694904,0.38295469354068024
Días de ausencia,0.9572223786523425,0.3818221089463908
Días de ausencia,0.959908163486322,0.38053940804217723
Días de ausencia,0.9622907145487232,0.37904939040517366
Días de ausencia,0.9651497758236046,0.3778801061727767
Días de ausencia,0.9673157313348784,0.37654081581033
Días de ausencia,0.9696766228421668,0.37533640182097133
Días de ausencia,0.9714093872511859,0.3740346604840458
Días de ausencia,0.9739868743096017,0.372955578409581
Días de ausencia,0.976022872490199,0.37189380121978394
Días de ausencia,0.978253806666811,0.37087675214938537
Días de ausencia,0.9806146981740995,0.3700761012612701
Días de ausencia,0.9826073772444714,0.3690573036998471
Días de ausencia,0.9851848643028872,0.3683443333198364
Días de ausencia,0.9872858411488228,0.36749600915877906
Días de ausencia,0.9888886482271654,0.3664764289899744
Días de ausencia,0.9906430721912972,0.36552462697898935
Días de ausencia,0.9924841343758799,0.36451720681590377
Días de ausencia,0.993956984123546,0.3633239909426314
Días de ausencia,0.9962528969654963,0.36253290666330373
Días de ausencia,1.0,0.36241963718002057
Traslado / restricción,0.0,1.0
Traslado / restricción,0.023125889715559615,0.7742805755395683
Traslado / restricción,0.05197281835029948,0.7724550898203593
Traslado / restricción,0.07037146463968198,0.7592002318168647
Traslado / restricción,0.08482178829470065,0.7392322097378277
Traslado / restricción,0.09886922188498831,0.7253201970443349
Traslado / restricción,0.11106336117751336,0.7121942817774716
Traslado / restricción,0.12349923450887701,0.6993155893536122
Traslado / restricción,0.1354247804249147,0.6859863945578232
Traslado / restricción,0.14627595283500308,0.6754309810244326
Traslado / restricción,0.15650936047917058,0.6653345512674127
Traslado / restricción,0.16709193951277163,0.6568472178228276
Traslado / restricción,0.1763584110015847,0.6473429951690821
Traslado / restricción,0.18712900539872687,0.6396437752478884
Traslado / restricción,0.1974698503934893,0.6330836131921123
Traslado / restricción,0.207783836050603,0.6289430894308943
Traslado / restricción,0.2169965888641186,0.6243431221020093
Traslado / restricción,0.22637049770352663,0.6187504588503047
Traslado / restricción,0.2353146571405549,0.6138162965038885
Traslado / restricción,0.24347989578576992,0.6090841900154539
Traslado / restricción,0.2528269452875292,0.6032814202396974
Traslado / restricción,0.2613413553221778,0.5985850507536142
Traslado / restricción,0.2696946093309339,0.5948107339612582
Traslado / restricción,0.2771346458596331,0.5889941774175134
Traslado / restricción,0.28476269775187346,0.5847443604875627
Traslado / restricción,0.2924981869947087,0.5815133230095584
Traslado / restricción,0.30020681689989526,0.578130657425128
Traslado / restricción,0.30775429077918937,0.5744510177479194
Traslado / restricción,0.3145765625419677,0.5702044790652385
Traslado / restricción,0.32212403642126186,0.5670449172576832
Traslado / restricción,0.3289731675216889,0.5638782744809171
Traslado / restricción,0.3353656898820875,0.5603626245399874
Traslado / restricción,0.341865649593081,0.5565612838340112
Traslado / restricción,0.3479090005640461,0.553097911951834
Traslado / restricción,0.3555101931186377,0.5517298874531055
Traslado / restricción,0.3620638715049287,0.5485918932117858
Traslado / restricción,0.36856383121592223,0.5457148538476835
Traslado / restricción,0.3754935403292955,0.543018061759565
Traslado / restricción,0.38226209341677636,0.5397042093287827
Traslado / restricción,0.3888694904783648,0.5366396085844546
Traslado / restricción,0.3950202787999248,0.5334034527781808
Traslado / restricción,0.40176197254975693,0.5314431890854828
Traslado / restricción,0.40855738497488653,0.5295940394122972
Traslado / restricción,0.4150036260105826,0.5270500750443444
Traslado / restricción,0.4213424296956837,0.5248945994780164
Traslado / restricción,0.42794982675727217,0.5221879916098584
Traslado / restricción,0.4346109424941581,0.520189031055102
Traslado / restricción,0.4406274341274744,0.5177038626609443
Traslado / restricción,0.44688565979962935,0.5155233314742517
Traslado / restricción,0.4531170261341355,0.5134838984598527
Traslado / restricción,0.45902608041685694,0.510881262704771
Traslado / restricción,0.46539174343960676,0.5085407372622681
Traslado / restricción,0.4715693910988155,0.5066662818884913
Traslado / restricción,0.477263570680347,0.5042567682615359
Traslado / restricción,0.4831726249630684,0.5026545210685146
Traslado / restricción,0.4894039912975746,0.5009209621993127
Traslado / restricción,0.4953399049179447,0.49893136379622866
Traslado / restricción,0.501759286615992,0.49686153518804194
Traslado / restricción,0.5077757782493084,0.4949212000628305
Traslado / restricción,0.5137116918696785,0.493306853060277
Traslado / restricción,0.5195938868147512,0.49157624577541736
Traslado / restricción,0.5251806290456877,0.4897923398712457
Traslado / restricción,0.530794230614273,0.4881555220709928
Traslado / restricción,0.5365152695334533,0.48644765360543557
Traslado / restricción,0.5425854798420671,0.48493650526922244
Traslado / restricción,0.5476887539953265,0.48286722394562975
Traslado / restricción,0.5530337621874245,0.4812321787500584
Traslado / restricción,0.5585399264054148,0.479501014572957
Traslado / restricción,0.5645564180387311,0.4780196038297969
Traslado / restricción,0.5701968789449652,0.4763496836153121
Traslado / restricción,0.5756761838253068,0.4745488763423005
Traslado / restricción,0.5810211920174049,0.47304773775940867
Traslado / restricción,0.5865810749106927,0.47171522992850506
Traslado / restricción,0.5928124412451989,0.46991568727644356
Traslado / restricción,0.5983186054631893,0.4684358834167473
Traslado / restricción,0.6040396443823696,0.46723593451342144
Traslado / restricción,0.6090891998603315,0.4655416641005112
Traslado / restricción,0.614783379441863,0.46427991886409736
Traslado / restricción,0.6199672316080685,0.46298264968408387
Traslado / restricción,0.6256345518519514,0.46130233295044953
Traslado / restricción,0.6306303886546157,0.45969652471855116
Traslado / restricción,0.635250194730198,0.45797993880949617
Traslado / restricción,0.6401385941822675,0.45611651228661104
Traslado / restricción,0.6448389782707958,0.45443016410819403
Traslado / restricción,0.6499422524240552,0.45300185334256887
Traslado / restricción,0.654400902473745,0.4511267057973966
Traslado / restricción,0.6595041766270043,0.44986350561550725
Traslado / restricción,0.6647686068061561,0.4486459050864663
Traslado / restricción,0.6694689908946846,0.44719750251184154
Traslado / restricción,0.6744916870349977,0.4458252702966606
Traslado / restricción,0.6792457897988236,0.44425901201602136
Traslado / restricción,0.6842684859391367,0.4425605836880049
Traslado / restricción,0.6891300260535576,0.4410996114568648
Traslado / restricción,0.6938572694797346,0.4394264135537865
Traslado / restricción,0.6978593107893959,0.43775377824204337
Traslado / restricción,0.7028551475920604,0.4365334890316123
Traslado / restricción,0.7069646262523166,0.43494282503800646
Traslado / restricción,0.7121216190808735,0.43370793868904484
Traslado / restricción,0.7166339878058607,0.4323470313715323
Traslado / restricción,0.7214955279202815,0.4309918813978115
Traslado / restricción,0.7257930219440789,0.4294591630775099
Traslado / restricción,0.7307351400714458,0.42842070453364406
Traslado / restricción,0.7347371813811071,0.42672844128291526
Traslado / restricción,0.739088394080202,0.42509114502873385
Traslado / restricción,0.744030512207569,0.42397110366254953
Traslado / restricción,0.7481399908678252,0.4223950987974463
Traslado / restricción,0.7524374848916225,0.421009918845807
Traslado / restricción,0.7563320888506889,0.4194134556666021
Traslado / restricción,0.7597163653944293,0.4176078900355819
Traslado / restricción,0.7634766726652521,0.4161359743510914
Traslado / restricción,0.7671026832478312,0.4146642468239564
Traslado / restricción,0.7706212564798152,0.41312924778251353
Traslado / restricción,0.7742204077247455,0.41153879101110763
Traslado / restricción,0.7781150116838119,0.41024696952532
Traslado / restricción,0.7821976310064194,0.40908580097769287
Traslado / restricción,0.7866025623808117,0.4079625553729139
Traslado / restricción,0.7905508850151756,0.40656122660404725
Traslado / restricción,0.7939888802342134,0.40513389797988103
Traslado / restricción,0.797856624855631,0.403995756718529
Traslado / restricción,0.8013751980876151,0.40261247402369577
Traslado / restricción,0.804920630657248,0.40128548473486875
Traslado / restricción,0.809459858719884,0.4002204485996202
Traslado / restricción,0.812978431951868,0.39887196246903167
Traslado / restricción,0.8169267545862319,0.397545322650215
Traslado / restricción,0.8202573124546748,0.3961011167460019
Traslado / restricción,0.8234535736348741,0.39435568933137816
Traslado / restricción,0.8272675995809944,0.392681838464971
Traslado / restricción,0.831027906851817,0.39133349354312386
Traslado / restricción,0.8344659020708549,0.38995857913894816
Traslado / restricción,0.8379307566275416,0.3884137003697755
Traslado / restricción,0.8413956111842282,0.3869987399006745
Traslado / restricción,0.8450216217668073,0.38549950374336794
Traslado / restricción,0.848674491687035,0.384218782299938
Traslado / restricción,0.851897612204883,0.38258425610962343
Traslado / restricción,0.8557384974886519,0.3813741920038305
Traslado / restricción,0.8592570707206361,0.37999026001021513
Traslado / restricción,0.8622653165372942,0.3781672968865957
Traslado / restricción,0.8654615777174934,0.37682583119905505
Traslado / restricción,0.8685235422094492,0.37526692043450005
Traslado / restricción,0.8711020386237276,0.37379989165888683
Traslado / restricción,0.8738148317262496,0.3722140863118393
Traslado / restricción,0.8765813435040692,0.37080885778237305
Traslado / restricción,0.8798850420348634,0.3695902342163455
Traslado / restricción,0.8828664285138729,0.3683449690150946
Traslado / restricción,0.8857403776422873,0.36692072322670377
Traslado / restricción,0.8886143267707018,0.36558925907508705
Traslado / restricción,0.8918643066261986,0.364189744995887
Traslado / restricción,0.8954097391958314,0.36291885301225807
Traslado / restricción,0.8988477344148693,0.3615102084908718
Traslado / restricción,0.901506808842094,0.3599009210907258
Traslado / restricción,0.904219601944616,0.35855788688891255
Traslado / restricción,0.9076038784883564,0.35733849391411016
Traslado / restricción,0.9101823749026349,0.3558549571025024
Traslado / restricción,0.9137546668099165,0.3544414577733325
Traslado / restricción,0.9167360532889259,0.35315115833911037
Traslado / restricción,0.9195562837420429,0.3518927752824002
Traslado / restricción,0.9223227955198625,0.35063052024301833
Traslado / restricción,0.9250355886223846,0.34952756944373964
Traslado / restricción,0.9280706937766915,0.34854139767591996
Traslado / restricción,0.9315624076710268,0.34735450530300754
Traslado / restricción,0.9336305766699793,0.34593949044585987
Traslado / restricción,0.9357256050065805,0.3445622502670412
Traslado / restricción,0.9383578200961564,0.3432400302604561
Traslado / restricción,0.9406677231339475,0.34194493263034564
Traslado / restricción,0.9431656415352797,0.34063460960159864
Traslado / restricción,0.945959012650748,0.33954205832730777
Traslado / restricción,0.9484569310520803,0.33835097973458533
Traslado / restricción,0.9511160054793049,0.3373825720764496
Traslado / restricción,0.9534527678547448,0.33622853462401847
Traslado / restricción,0.9559506862560769,0.33504349135821065
Traslado / restricción,0.9584217453197604,0.3337667196707511
Traslado / restricción,0.9603287582928205,0.3325860673655619
Traslado / restricción,0.9622089119282319,0.33136926620355384
Traslado / restricción,0.9642770809271843,0.3302759889604416
Traslado / restricción,0.9666138433026241,0.32908429195852157
Traslado / restricción,0.9683865595874406,0.32792760016371825
Traslado / restricción,0.9699175418334184,0.32668699168604176
Traslado / restricción,0.9717171174558835,0.3253914717177986
Traslado / restricción,0.9737584271171873,0.32413342989208666
Traslado / restricción,0.9752894093631651,0.32283331555176215
Traslado / restricción,0.9769009696220892,0.3218159939124741
Traslado / restricción,0.9789154199457442,0.3206750312351523
Traslado / restricción,0.980741854905858,0.319267627308338
Traslado / restricción,0.9826220085412694,0.31818260884690985
Traslado / restricción,0.9846364588649243,0.31717699582104014
Traslado / restricción,0.9863554564744433,0.3161959703805752
Traslado / restricción,0.9880475947463135,0.31524822391142265
Traslado / restricción,0.9899814670570224,0.3143485825401699
Traslado / restricción,0.9915124493030002,0.31301140458727267
Traslado / restricción,0.9923988074454084,0.31173170217253743
Traslado / restricción,0.9929897128736805,0.3097975464235436
Traslado / restricción,0.9935000402890065,0.30783634880740357
Traslado / restricción,0.9939029303537374,0.305563124994839
Traslado / restricción,0.9946012731326046,0.3035146388642995
Traslado / restricción,0.9951384598855793,0.30087949390526153
Traslado / restricción,0.9955413499503102,0.2985669751818467
Traslado / restricción,0.9960248180279875,0.29651929858229187
Traslado / restricción,0.9969111761703956,0.29514297528547345
Traslado / restricción,0.9977169562998577,0.29332427865253713
Traslado / restricción,1.0,0.29225769481360536
Otro caso registrable,0.0,1.0
Otro caso registrable,0.013514743356388787,0.972176759410802
Otro caso registrable,0.025050054605023662,0.9236577181208053
Otro caso registrable,0.034560429559519476,0.8831395348837209
Otro caso registrable,0.04400254823443757,0.8546177640300486
Otro caso registrable,0.053672187841281395,0.8425
Otro caso registrable,0.06429741536221333,0.8358473824312334
Otro caso registrable,0.07571896614488532,0.8347128166541259
Otro caso registrable,0.0869129959956316,0.8307959982601131
Otro caso registrable,0.09765198398252639,0.8220647385558322
Otro caso registrable,0.1102793957044048,0.8161306617275635
Otro caso registrable,0.12256552602839461,0.8039098641993733
Otro caso registrable,0.13507917728431015,0.7957378367511058
Otro caso registrable,0.14706953039679652,0.7837051406401552
Otro caso registrable,0.16051601747360758,0.773744242158368
Otro caso registrable,0.17332544594102658,0.7623336335434804
Otro caso registrable,0.18781852930469603,0.7556064073226545
Otro caso registrable,0.19951310520567891,0.7487831952864827
Otro caso registrable,0.21159446669093557,0.7403279732526667
Otro caso registrable,0.22356206771022935,0.7305033083042153
Otro caso registrable,0.2340735347651984,0.7231829045409813
Otro caso registrable,0.24431197670185656,0.7185973365455397
Otro caso registrable,0.2535720786312341,0.7118676545733266
Otro caso registrable,0.2619220968329086,0.7047875596914411
Otro caso registrable,0.27081816527120495,0.6981231671554252
Otro caso registrable,0.2786676374226429,0.6924860066715667
Otro caso registrable,0.2871314160902803,0.6863171633674136
Otro caso registrable,0.2941618128867856,0.6802588656213827
Otro caso registrable,0.30137422642883144,0.6761958241870437
Otro caso registrable,0.3090189297415362,0.672176581213501
Otro caso registrable,0.3159583181652712,0.6678689943731063
Otro caso registrable,0.3232844921732799,0.663723841554559
Otro caso registrable,0.3303148889697852,0.6599990907851071
Otro caso registrable,0.33686749180924647,0.6565562502771496
Otro caso registrable,0.3438978886057517,0.6522114347357065
Otro caso registrable,0.35063250819075353,0.6485019357010604
Otro caso registrable,0.35766290498725883,0.6456117294344736
Otro caso registrable,0.36430651619949034,0.642407221664995
Otro caso registrable,0.37131416090280306,0.639473374867756
Otro caso registrable,0.377616490717146,0.6351459951781409
Otro caso registrable,0.3849426647251547,0.6321787542502709
Otro caso registrable,0.39206406989443027,0.6296864722648542
Otro caso registrable,0.3987304331998544,0.626788268955651
Otro caso registrable,0.4050555151073899,0.6232234124483652
Otro caso registrable,0.4114488532945031,0.6203347969264544
Otro caso registrable,0.4173188933381871,0.6172847815844383
Otro caso registrable,0.4241217692027667,0.6149303951969387
Otro caso registrable,0.4304240990171096,0.6122726390057609
Otro caso registrable,0.4360211139424827,0.6086514641427936
Otro caso registrable,0.44216417910447764,0.6064407414341884
Otro caso registrable,0.44810247542773934,0.6030866276755367
Otro caso registrable,0.4539497633782308,0.6004393752445153
Otro caso registrable,0.45970604295595197,0.5977633797816633
Otro caso registrable,0.46553057881325083,0.5948310948310949
Otro caso registrable,0.4709000728066982,0.592154955367361
Otro caso registrable,0.4766563523844194,0.5893937262624842
Otro caso registrable,0.4822988714961777,0.5871046363485294
Otro caso registrable,0.48812340735347653,0.5850559040087264
Otro caso registrable,0.4936521659992719,0.5829392799570123
Otro caso registrable,0.49945394976337826,0.581202012178978
Otro caso registrable,0.5050054605023662,0.5790009130037824
Otro caso registrable,0.5101019293775028,0.5764533463605276
Otro caso registrable,0.5156989443028759,0.5744772525662146
Otro caso registrable,0.5214779759737896,0.5720275531596286
Otro caso registrable,0.5269612304331999,0.5700187044693837
Otro caso registrable,0.5324217327994175,0.5676272255372823
Otro caso registrable,0.5382917728431016,0.5657882150373063
Otro caso registrable,0.5437067710229341,0.5638079509260352
Otro caso registrable,0.5489852566436112,0.5618320255198268
Otro caso registrable,0.5539224608663997,0.5595366688883271
Otro caso registrable,0.5589734255551511,0.5574387947269304
Otro caso registrable,0.5644111758281762,0.5554386279163495
Otro caso registrable,0.5698489261012013,0.5532704499768053
Otro caso registrable,0.5750364033491081,0.5514728343879555
Otro caso registrable,0.580064615944667,0.5496151939120875
Otro caso registrable,0.584706042955952,0.5474395023858214
Otro caso registrable,0.5898025118310884,0.5455980468503357
Otro caso registrable,0.5942391700036403,0.5435135472593332
Otro caso registrable,0.5993128867855843,0.5418843859288213
Otro caso registrable,0.604295595194758,0.5400459527053131
Otro caso registrable,0.6087322533673097,0.5376592580684056
Otro caso registrable,0.6133736803785949,0.5354426105781644
Otro caso registrable,0.6176283218056061,0.5331840590811777
Otro caso registrable,0.6225200218420095,0.5311887243006077
Otro caso registrable,0.62729796141245,0.5292141732888018
Otro caso registrable,0.6327812158718602,0.5278120433454159
Otro caso registrable,0.6373088824171824,0.5258997803353171
Otro caso registrable,0.6421095740808155,0.5245042466593566
Otro caso registrable,0.6471377866763742,0.5227051364513461
Otro caso registrable,0.6516427011285039,0.5207454545454545
Otro caso registrable,0.6562613760465963,0.5190010076291924
Otro caso registrable,0.661289588642155,0.5175760381793575
Otro caso registrable,0.665566982162359,0.5157530986089317
Otro caso registrable,0.6697306152165999,0.514130017116708
Otro caso registrable,0.6740535129231889,0.5124098448553194
Otro caso registrable,0.6790817255187477,0.5108863099517306
Otro caso registrable,0.6838824171823807,0.509673590504451
Otro caso registrable,0.6879095376774663,0.5080231874317399
Otro caso registrable,0.6921869311976702,0.50640854917105
Otro caso registrable,0.6962140516927557,0.5046590253154118
Otro caso registrable,0.7005141973061522,0.5030717950393778
Otro caso registrable,0.7053376410629778,0.5010424579380344
Otro caso registrable,0.7096377866763742,0.49968759512327976
Otro caso registrable,0.7135738987986895,0.49818124056866014
Otro caso registrable,0.7179650527848562,0.49659296561491856
Otro caso registrable,0.7219694211867492,0.4952398788900334
Otro caso registrable,0.7259510374954495,0.4937941067227931
Otro caso registrable,0.7300236621769203,0.4922675667382633
Otro caso registrable,0.7337777575536949,0.49077822077487293
Otro caso registrable,0.7376911175828176,0.4895367798043242
Otro caso registrable,0.7421732799417546,0.4881406659184437
Otro caso registrable,0.7454723334546778,0.4861420220184575
Otro caso registrable,0.7496587186021114,0.48475084962704684
Otro caso registrable,0.7535265744448489,0.4833267661952921
Otro caso registrable,0.7571896614488532,0.48153721495543467
Otro caso registrable,0.7607162358937022,0.4798914915604547
Otro caso registrable,0.7646978522024026,0.47848865351214376
Otro caso registrable,0.7687249726974882,0.4770625361817489
Otro caso registrable,0.7724790680742628,0.4757847533632287
Otro caso registrable,0.7763924281033855,0.4744452477615261
Otro caso registrable,0.779782489989079,0.47275711763407635
Otro caso registrable,0.7834910811794685,0.47122897765370775
Otro caso registrable,0.7871086639970878,0.4692374467623362
Otro caso registrable,0.7904759737895887,0.4676357762971936
Otro caso registrable,0.7940025482344376,0.4661768634784932
Otro caso registrable,0.7976428831452493,0.4645104871940959
Otro caso registrable,0.8009419366581726,0.46294153231109125
Otro caso registrable,0.8045822715689843,0.46154348138190265
Otro caso registrable,0.8087914088096105,0.4602338197024819
Otro caso registrable,0.8120904623225337,0.4585844050723986
Otro caso registrable,0.8153895158354568,0.4569017173017836
Otro caso registrable,0.8187795777211504,0.45520896579639747
Otro caso registrable,0.8220786312340735,0.4536460425873845
Otro caso registrable,0.8252184200946487,0.4521598204824534
Otro caso registrable,0.8290862759373863,0.4508952324387196
Otro caso registrable,0.8328631234073535,0.44968858641573406
Otro caso registrable,0.836571714597743,0.44817834984946553
Otro caso registrable,0.8401210411357845,0.4469473225525322
Otro caso registrable,0.8431925737167819,0.4452614379084967
Otro caso registrable,0.8465826356024754,0.4439579057891471
Otro caso registrable,0.8500637058609392,0.44270395165590376
Otro caso registrable,0.8531352384419366,0.4409440485430043
Otro caso registrable,0.8565480524208228,0.43983223123116105
Otro caso registrable,0.8596878412813979,0.43847332141945367
Otro caso registrable,0.8633054240990171,0.4371781134423283
Otro caso registrable,0.866672733891518,0.43595495330525547
Otro caso registrable,0.86960775391336,0.4343394168049274
Otro caso registrable,0.8729068074262832,0.4329222193385315
Otro caso registrable,0.8757053148889697,0.4314958687877667
Otro caso registrable,0.8788451037495449,0.4302070455633889
Otro caso registrable,0.882257917728431,0.42885423578854237
Otro caso registrable,0.8862167819439388,0.427741538731853
Otro caso registrable,0.889197306152166,0.4262359446401501
Otro caso registrable,0.8921778303603931,0.4247048629914437
Otro caso registrable,0.8949990899162723,0.4229421125064511
Otro caso registrable,0.8982981434291955,0.421168288103772
Otro caso registrable,0.9017564615944667,0.4195894515080617
Otro caso registrable,0.9046459774299236,0.41789460408214746
Otro caso registrable,0.9076265016381507,0.4162962035355749
Otro caso registrable,0.9106297779395705,0.4148854566186379
Otro caso registrable,0.9129959956315981,0.4133583304147181
Otro caso registrable,0.9156807426283218,0.41171957320129715
Otro caso registrable,0.9186840189297415,0.410241300482601
Otro caso registrable,0.9216645431379686,0.40859987290828215
Otro caso registrable,0.924212777575537,0.40701996973978216
Otro caso registrable,0.9271250455041864,0.40545461781855086
Otro caso registrable,0.9298097925009101,0.40410362899238605
Otro caso registrable,0.9326993083363669,0.40274298289565463
Otro caso registrable,0.9346332362577358,0.4010289552297089
Otro caso registrable,0.9368629413906079,0.39964089872373465
Otro caso registrable,0.939206406989443,0.3982979708802501
Otro caso registrable,0.9420049144521296,0.39699875347588454
Otro caso registrable,0.9437340735347652,0.39540714190387216
Otro caso registrable,0.9461685475063706,0.3940194991614792
Otro caso registrable,0.9483527484528577,0.3924784843976573
Otro caso registrable,0.9504459410265744,0.3910178407623041
Otro caso registrable,0.9527439024390244,0.38937189083639406
Otro caso registrable,0.9549281033855115,0.3876763067714732
Otro caso registrable,0.9576128503822352,0.38574832737604253
Otro caso registrable,0.9598880597014925,0.38410553820661525
Otro caso registrable,0.9623452857662905,0.38247022759949
Otro caso registrable,0.9644384783400073,0.38057316262950924
Otro caso registrable,0.9664861667273389,0.37866821180246035
Otro caso registrable,0.968829632326174,0.3771990433165028
Otro caso registrable,0.9709455769930834,0.3754222675768879
Otro caso registrable,0.9730842737531853,0.3735642725502013
Otro caso registrable,0.9748816891153986,0.3716927774597061
Otro caso registrable,0.9767018565708045,0.3696324168869525
Otro caso registrable,0.978385511467055,0.3674348260746969
Otro caso registrable,0.9801601747360758,0.3653820056995522
Otro caso registrable,0.9814115398616673,0.3629334208378558
Otro caso registrable,0.9832317073170732,0.36086477278420764
Otro caso registrable,0.9853931561703677,0.357948675565106
Otro caso registrable,0.9872815799053513,0.3548978072937539
Otro caso registrable,0.9889652348016017,0.35278505977550706
Otro caso registrable,0.9906033855114671,0.3502115474332781
Otro caso registrable,0.9922870404077175,0.3483605575302528
Otro caso registrable,0.9938569348380051,0.3466275194413585
Otro caso registrable,0.9968829632326174,0.34540796216003156
Otro caso registrable,1.0,0.34501652393026194
