date,mean,count
2023-10-01,0.4494845360824742,970
2023-10-02,0.5166197183098592,1775
2023-10-03,0.492018244013683,1754
2023-10-04,0.4805771365149833,1802
2023-10-05,0.4926340601060695,1697
2023-10-06,0.5028319697923223,1589
2023-10-07,0.4696652719665272,956
2023-10-08,0.4533947065592635,869
2023-10-09,0.474375,1600
2023-10-10,0.4674418604651162,1720
2023-10-11,0.5070175438596491,1710
2023-10-12,0.4910926365795725,1684
2023-10-13,0.4705521472392638,1630
2023-10-14,0.5243781094527363,1005
2023-10-15,0.4790011350737798,881
2023-10-16,0.4681100058513751,1709
2023-10-17,0.4765217391304348,1725
2023-10-18,0.4904458598726114,1727
2023-10-19,0.4802631578947368,1672
2023-10-20,0.5132911392405063,1580
2023-10-21,0.4700956937799043,836
2023-10-22,0.4357142857142857,840
2023-10-23,0.4863964464186563,1801
2023-10-24,0.4778540237055521,1603
2023-10-25,0.4926513815402704,1701
2023-10-26,0.4915992532669571,1607
2023-10-27,0.4914248021108179,1516
2023-10-28,0.4650630011454754,873
2023-10-29,0.4864197530864197,810
2023-10-30,0.4924506387921022,1722
2023-10-31,0.4942389326864767,1649
2023-11-01,0.4964370546318289,1684
2023-11-02,0.4932266009852217,1624
2023-11-03,0.4929859719438877,1497
2023-11-04,0.4878819810326659,949
2023-11-05,0.448356807511737,852
2023-11-06,0.4794295117937466,1823
2023-11-07,0.4904601571268238,1782
2023-11-08,0.4865319865319865,1782
2023-11-09,0.4917617237008872,1578
2023-11-10,0.5017543859649123,1425
2023-11-11,0.4840425531914893,940
2023-11-12,0.4585253456221198,868
2023-11-13,0.4791183294663573,1724
2023-11-14,0.4997094712376525,1721
2023-11-15,0.4851830331202789,1721
2023-11-16,0.5051724137931034,1740
2023-11-17,0.4840966921119592,1572
2023-11-18,0.4974358974358974,975
2023-11-19,0.4409190371991247,914
2023-11-20,0.4661781285231116,1774
2023-11-21,0.4961340206185567,1552
2023-11-22,0.4655518394648829,1495
2023-11-23,0.439453125,512
2023-11-24,0.4636118598382749,1113
2023-11-25,0.4308681672025723,933
2023-11-26,0.4466230936819172,918
2023-11-27,0.4630760688506385,1801
2023-11-28,0.4444444444444444,1791
2023-11-29,0.4709639953542393,1722
2023-11-30,0.4730046948356807,1704
2023-12-01,0.4837476099426386,1569
2023-12-02,0.4538878842676311,1106
2023-12-03,0.4422507403751234,1013
2023-12-04,0.4651416122004357,1836
2023-12-05,0.4802448525319978,1797
2023-12-06,0.4411267605633803,1775
2023-12-07,0.4678633468442386,1727
2023-12-08,0.4955631399317406,1465
2023-12-09,0.4536082474226804,970
2023-12-10,0.4455337690631808,918
2023-12-11,0.4599406528189911,1685
2023-12-12,0.4537865235539654,1677
2023-12-13,0.4772455089820359,1670
2023-12-14,0.473878303626306,1627
2023-12-15,0.4549861495844875,1444
2023-12-16,0.4688524590163934,915
2023-12-17,0.4234875444839858,843
2023-12-18,0.4693140794223827,1662
2023-12-19,0.4594928880643166,1617
2023-12-20,0.4528178243774574,1526
2023-12-21,0.4930362116991643,1436
2023-12-22,0.4449612403100775,1290
2023-12-23,0.4501800720288115,833
2023-12-24,0.463743676222597,593
2023-12-25,0.429305912596401,389
2023-12-26,0.4712084347120843,1233
2023-12-27,0.4652014652014652,1365
2023-12-28,0.463489623366641,1301
2023-12-29,0.451505016722408,1196
2023-12-30,0.4797297297297297,740
2023-12-31,0.4807121661721068,674
