fraccion,pliegue,casos,entrenamiento,validacion,f1_entrenamiento,f1_validacion
0.25,1,15015,0.7035104509804682,0.3681300548663502,0.5039237461432499,0.36439333480402825
0.5,1,28593,0.6890675124813695,0.3742921997758204,0.456721512494101,0.3694067509934821
1.0,1,56063,0.6718175208345967,0.38003598976157327,0.4341243831246082,0.3745717868978157
0.25,2,23672,0.684938682646213,0.3747590027830005,0.46856031905462037,0.370280448555681
0.5,2,48667,0.6700488891657354,0.38023523773982704,0.44355075554132184,0.37667667803344285
1.0,2,95908,0.6616406635815962,0.3828411559861604,0.424398965377483,0.3792897447277854
0.25,3,35357,0.6734017942663046,0.38662894942641424,0.4923662232570116,0.38391791770228567
0.5,3,70405,0.6656056363012941,0.3921914654575748,0.4360638369650693,0.3893175579949799
1.0,3,138669,0.6547841252374775,0.39224197919833564,0.41242548898148834,0.39099535583417916
