modelo,metrica,valor
LogisticRegression,accuracy,0.5237968145316388
LogisticRegression,precision_weighted,0.5454513857037274
LogisticRegression,recall_weighted,0.5237968145316388
LogisticRegression,f1_weighted,0.5286468744644546
LogisticRegression,macro_f1,0.3965909506148997
LogisticRegression,balanced_accuracy,0.4019283526920788
LogisticRegression,roc_auc_macro_ovr,0.6933391977270763
LogisticRegression,average_precision_macro_ovr,0.436581780012775
LogisticRegression,brier_multiclass,0.5833287202184141
LogisticRegression,log_loss,1.0008586389262673
DummyClassifier,accuracy,0.36241963718002057
DummyClassifier,precision_weighted,0.13134799341369777
DummyClassifier,recall_weighted,0.36241963718002057
DummyClassifier,f1_weighted,0.19281576663936817
DummyClassifier,macro_f1,0.13300587693016824
DummyClassifier,balanced_accuracy,0.25
DummyClassifier,roc_auc_macro_ovr,0.5
DummyClassifier,average_precision_macro_ovr,0.25
DummyClassifier,brier_multiclass,0.6644041927708013
DummyClassifier,log_loss,1.0972839835980934
