clase,fpr,tpr
Fallecimiento (Death),0.0,0.0
Fallecimiento (Death),0.008174194358942144,0.02564102564102564
Fallecimiento (Death),0.014000565362145863,0.02564102564102564
Fallecimiento (Death),0.019630630064702555,0.02564102564102564
Fallecimiento (Death),0.025464853319932156,0.05128205128205128
Fallecimiento (Death),0.03049029461649601,0.05128205128205128
Fallecimiento (Death),0.03560211068534456,0.05128205128205128
Fallecimiento (Death),0.0405490294616496,0.07692307692307693
Fallecimiento (Death),0.04617909416420629,0.10256410256410256
Fallecimiento (Death),0.05062346881085495,0.10256410256410256
Fallecimiento (Death),0.05562535335134117,0.10256410256410256
Fallecimiento (Death),0.06081569194044852,0.1282051282051282
Fallecimiento (Death),0.06599032602550411,0.1282051282051282
Fallecimiento (Death),0.07132985740310321,0.15384615384615385
Fallecimiento (Death),0.07545228971669074,0.15384615384615385
Fallecimiento (Death),0.08086249136252277,0.15384615384615385
Fallecimiento (Death),0.08518908222878321,0.15384615384615385
Fallecimiento (Death),0.09030089829763176,0.15384615384615385
Fallecimiento (Death),0.09506721527734154,0.1794871794871795
Fallecimiento (Death),0.10035963314278536,0.20512820512820512
Fallecimiento (Death),0.10594258433318676,0.23076923076923078
Fallecimiento (Death),0.11128211571078585,0.23076923076923078
Fallecimiento (Death),0.11611910295872856,0.23076923076923078
Fallecimiento (Death),0.12048495508511842,0.23076923076923078
Fallecimiento (Death),0.12508637477228468,0.2564102564102564
Fallecimiento (Death),0.13019033858910736,0.2564102564102564
Fallecimiento (Death),0.13523933664174886,0.2564102564102564
Fallecimiento (Death),0.1407280608078397,0.28205128205128205
Fallecimiento (Death),0.1459812174131541,0.28205128205128205
Fallecimiento (Death),0.15043344431182865,0.28205128205128205
Fallecimiento (Death),0.15497989823481376,0.28205128205128205
Fallecimiento (Death),0.15980903323073056,0.3076923076923077
Fallecimiento (Death),0.16527420064074377,0.3076923076923077
Fallecimiento (Death),0.1706844022865758,0.3076923076923077
Fallecimiento (Death),0.17661285256611597,0.3076923076923077
Fallecimiento (Death),0.18248633708147496,0.3076923076923077
Fallecimiento (Death),0.18738614234562473,0.3076923076923077
Fallecimiento (Death),0.1919561530246875,0.3076923076923077
Fallecimiento (Death),0.19726427539418306,0.3076923076923077
Fallecimiento (Death),0.2021640806583328,0.3076923076923077
Fallecimiento (Death),0.20670268232929204,0.3076923076923077
Fallecimiento (Death),0.21171241912180414,0.3076923076923077
Fallecimiento (Death),0.21625102079276337,0.3076923076923077
Fallecimiento (Death),0.22077391795967083,0.3076923076923077
Fallecimiento (Death),0.22537533764683712,0.3076923076923077
Fallecimiento (Death),0.23048715371568565,0.3333333333333333
Fallecimiento (Death),0.23553615176832715,0.3333333333333333
Fallecimiento (Death),0.24038099126829574,0.3333333333333333
Fallecimiento (Death),0.2451630127520573,0.3333333333333333
Fallecimiento (Death),0.2496309441547836,0.38461538461538464
Fallecimiento (Death),0.2545935674351404,0.41025641025641024
Fallecimiento (Death),0.2597289402600666,0.41025641025641024
Fallecimiento (Death),0.26430680319115524,0.41025641025641024
Fallecimiento (Death),0.26918305169922735,0.4358974358974359
Fallecimiento (Death),0.2743655380363088,0.4358974358974359
Fallecimiento (Death),0.27880991268295746,0.4358974358974359
Fallecimiento (Death),0.2833642188579685,0.46153846153846156
Fallecimiento (Death),0.2875023556756078,0.46153846153846156
Fallecimiento (Death),0.2922529681512658,0.46153846153846156
Fallecimiento (Death),0.2968386833343803,0.46153846153846156
Fallecimiento (Death),0.30119668320874426,0.46153846153846156
Fallecimiento (Death),0.30531126327030594,0.46153846153846156
Fallecimiento (Death),0.3095514793642817,0.46153846153846156
Fallecimiento (Death),0.3153699981154595,0.46153846153846156
Fallecimiento (Death),0.320552484452541,0.48717948717948717
Fallecimiento (Death),0.32527954017212135,0.48717948717948717
Fallecimiento (Death),0.3296689490545889,0.48717948717948717
Fallecimiento (Death),0.3343331867579622,0.48717948717948717
Fallecimiento (Death),0.33843991456749795,0.5128205128205128
Fallecimiento (Death),0.3425544946290596,0.5128205128205128
Fallecimiento (Death),0.347611344933727,0.5128205128205128
Fallecimiento (Death),0.3521970601168415,0.5128205128205128
Fallecimiento (Death),0.3575365914944406,0.5128205128205128
Fallecimiento (Death),0.3626327030592374,0.5384615384615384
Fallecimiento (Death),0.36712419121804135,0.5641025641025641
Fallecimiento (Death),0.37200043972611346,0.5641025641025641
Fallecimiento (Death),0.3768766882341856,0.6410256410256411
Fallecimiento (Death),0.38110905207613543,0.6410256410256411
Fallecimiento (Death),0.3856555059991206,0.6410256410256411
Fallecimiento (Death),0.38988001758904456,0.6410256410256411
Fallecimiento (Death),0.39463848231672843,0.6410256410256411
Fallecimiento (Death),0.3995696965889817,0.6410256410256411
Fallecimiento (Death),0.4035821973742069,0.6410256410256411
Fallecimiento (Death),0.40923581883284127,0.6410256410256411
Fallecimiento (Death),0.41483447452729444,0.6410256410256411
Fallecimiento (Death),0.4195615302468748,0.6410256410256411
Fallecimiento (Death),0.4242022111941705,0.6666666666666666
Fallecimiento (Death),0.4292826182549155,0.6666666666666666
Fallecimiento (Death),0.4335071298448395,0.6666666666666666
Fallecimiento (Death),0.439082228783215,0.6666666666666666
Fallecimiento (Death),0.4435108989258119,0.6666666666666666
Fallecimiento (Death),0.4478374897920724,0.6666666666666666
Fallecimiento (Death),0.45252528425152333,0.6666666666666666
Fallecimiento (Death),0.45806112192976944,0.6666666666666666
Fallecimiento (Death),0.46243482630818517,0.6923076923076923
Fallecimiento (Death),0.46691846221496325,0.6923076923076923
Fallecimiento (Death),0.47158269991833657,0.717948717948718
Fallecimiento (Death),0.47696934480809094,0.717948717948718
Fallecimiento (Death),0.48110748162573025,0.717948717948718
Fallecimiento (Death),0.4854340724919907,0.717948717948718
Fallecimiento (Death),0.4899255606507946,0.717948717948718
Fallecimiento (Death),0.49469187763050443,0.717948717948718
Fallecimiento (Death),0.49977228469124946,0.717948717948718
Fallecimiento (Death),0.5049861800364345,0.717948717948718
Fallecimiento (Death),0.5093598844148501,0.717948717948718
Fallecimiento (Death),0.5137571455493436,0.717948717948718
Fallecimiento (Death),0.5188297003580626,0.717948717948718
Fallecimiento (Death),0.524161379483636,0.717948717948718
Fallecimiento (Death),0.5292731955524844,0.717948717948718
Fallecimiento (Death),0.5345342044098247,0.717948717948718
Fallecimiento (Death),0.5393083736415604,0.717948717948718
Fallecimiento (Death),0.5441689176455807,0.717948717948718
Fallecimiento (Death),0.5503407877379233,0.717948717948718
Fallecimiento (Death),0.5554526038067717,0.717948717948718
Fallecimiento (Death),0.5606036811357498,0.717948717948718
Fallecimiento (Death),0.5655348954080031,0.717948717948718
Fallecimiento (Death),0.5694767259249953,0.717948717948718
Fallecimiento (Death),0.5737719077831522,0.717948717948718
Fallecimiento (Death),0.5790486211445443,0.717948717948718
Fallecimiento (Death),0.5829040768892518,0.717948717948718
Fallecimiento (Death),0.5882121992587475,0.717948717948718
Fallecimiento (Death),0.5931277090269489,0.717948717948718
Fallecimiento (Death),0.5979568440228658,0.717948717948718
Fallecimiento (Death),0.6029822853194297,0.717948717948718
Fallecimiento (Death),0.6087144292983228,0.717948717948718
Fallecimiento (Death),0.6135200075381619,0.717948717948718
Fallecimiento (Death),0.6184983353225705,0.717948717948718
Fallecimiento (Death),0.6228955964570639,0.717948717948718
Fallecimiento (Death),0.627638356680696,0.717948717948718
Fallecimiento (Death),0.6322554808719141,0.717948717948718
Fallecimiento (Death),0.6374222627049437,0.717948717948718
Fallecimiento (Death),0.6421728751806018,0.717948717948718
Fallecimiento (Death),0.6481405867202714,0.7435897435897436
Fallecimiento (Death),0.6535193793579999,0.7692307692307693
Fallecimiento (Death),0.6585526729065896,0.7692307692307693
Fallecimiento (Death),0.6639550223003957,0.7692307692307693
Fallecimiento (Death),0.6691767698976067,0.7692307692307693
Fallecimiento (Death),0.6742257679502481,0.7692307692307693
Fallecimiento (Death),0.6781440417111627,0.7948717948717948
Fallecimiento (Death),0.6832558577800113,0.7948717948717948
Fallecimiento (Death),0.6888073999623092,0.7948717948717948
Fallecimiento (Death),0.6942804196243483,0.7948717948717948
Fallecimiento (Death),0.6984970789622463,0.7948717948717948
Fallecimiento (Death),0.7032319869338526,0.7948717948717948
Fallecimiento (Death),0.7080611219297694,0.7948717948717948
Fallecimiento (Death),0.713439914567498,0.7948717948717948
Fallecimiento (Death),0.7179471072303537,0.7948717948717948
Fallecimiento (Death),0.7235850241849362,0.7948717948717948
Fallecimiento (Death),0.7289952258307683,0.7948717948717948
Fallecimiento (Death),0.7337458383064263,0.7948717948717948
Fallecimiento (Death),0.739179596708336,0.7948717948717948
Fallecimiento (Death),0.7436396758590363,0.8205128205128205
Fallecimiento (Death),0.7490577297568943,0.8205128205128205
Fallecimiento (Death),0.754224511589924,0.8205128205128205
Fallecimiento (Death),0.7592263961304102,0.8205128205128205
Fallecimiento (Death),0.7637807023054212,0.8205128205128205
Fallecimiento (Death),0.7680915886676298,0.8717948717948718
Fallecimiento (Death),0.7733918587850995,0.8717948717948718
Fallecimiento (Death),0.7786293108863622,0.8717948717948718
Fallecimiento (Death),0.7841965575727119,0.8717948717948718
Fallecimiento (Death),0.7888843520321628,0.8717948717948718
Fallecimiento (Death),0.7942160311577361,0.8717948717948718
Fallecimiento (Death),0.799037313901627,0.8717948717948718
Fallecimiento (Death),0.8038350398894403,0.8717948717948718
Fallecimiento (Death),0.8083736415603995,0.8717948717948718
Fallecimiento (Death),0.8134304918650669,0.8717948717948718
Fallecimiento (Death),0.8186836484703813,0.8717948717948718
Fallecimiento (Death),0.8232458068974182,0.8717948717948718
Fallecimiento (Death),0.8290564733965702,0.8717948717948718
Fallecimiento (Death),0.8335872228155035,0.8717948717948718
Fallecimiento (Death),0.8389738677052578,0.8717948717948718
Fallecimiento (Death),0.8440935360261322,0.8717948717948718
Fallecimiento (Death),0.8497785664928702,0.8717948717948718
Fallecimiento (Death),0.8544977699604247,0.8717948717948718
Fallecimiento (Death),0.8600100508825931,0.8717948717948718
Fallecimiento (Death),0.8644622777812677,0.8717948717948718
Fallecimiento (Death),0.8693463785413656,0.8717948717948718
Fallecimiento (Death),0.8743482630818519,0.8717948717948718
Fallecimiento (Death),0.8792402160939757,0.8717948717948718
Fallecimiento (Death),0.8847524970161442,0.8717948717948718
Fallecimiento (Death),0.8902804824423645,0.8974358974358975
Fallecimiento (Death),0.8959969219172058,0.9487179487179487
Fallecimiento (Death),0.9014542370751931,0.9487179487179487
Fallecimiento (Death),0.9064247126075758,0.9487179487179487
Fallecimiento (Death),0.9116150511966832,0.9487179487179487
Fallecimiento (Death),0.9172843771593693,0.9743589743589743
Fallecimiento (Death),0.9231421571706766,1.0
Fallecimiento (Death),0.9286073245806897,1.0
Fallecimiento (Death),0.9344336955838934,1.0
Fallecimiento (Death),0.9408411332370124,1.0
Fallecimiento (Death),0.9461335511024562,1.0
Fallecimiento (Death),0.9513081851875118,1.0
Fallecimiento (Death),0.9574643507758025,1.0
Fallecimiento (Death),0.9625604623405993,1.0
Fallecimiento (Death),0.9692348765625981,1.0
Fallecimiento (Death),0.9745979646962749,1.0
Fallecimiento (Death),0.9818220365600855,1.0
Fallecimiento (Death),0.987664112067341,1.0
Fallecimiento (Death),0.9932313587536905,1.0
Fallecimiento (Death),1.0,1.0
Días de ausencia,0.0,0.0
Días de ausencia,0.0004062938612691143,0.02246095865190929
Días de ausencia,0.000997266750387826,0.04292923823344669
Días de ausencia,0.001538991898746645,0.06500032489332669
Días de ausencia,0.0021915244638152226,0.08562022136065325
Días de ausencia,0.00307798379749329,0.10396586454114233
Días de ausencia,0.004062938612691143,0.12200827395005306
Días de ausencia,0.005244884390928566,0.13634689943468561
Días de ausencia,0.0067961882248651845,0.1535662457493123
Días de ausencia,0.008544483021841373,0.1666702765925188
Días de ausencia,0.011031493930215951,0.1780198834715935
Días de ausencia,0.013370761616310851,0.1865320886308995
Días de ausencia,0.016030139617345056,0.19445948580216163
Días de ausencia,0.018332471497870036,0.2018020749853798
Días de ausencia,0.021004161434094212,0.20907968550325975
Días de ausencia,0.02377434685183817,0.2170937208949728
Días de ausencia,0.026803082908571568,0.22484784162533303
Días de ausencia,0.02949939671517569,0.23115077216313976
Días de ausencia,0.03251582083671912,0.23803851068899046
Días de ausencia,0.03539681367117283,0.2443414412267972
Días de ausencia,0.038351678116766395,0.2509476055361823
Días de ausencia,0.041208047080840166,0.25714223829842536
Días de ausencia,0.04514786634163158,0.2634018497260066
Días de ausencia,0.048398217231784495,0.2694448656024605
Días de ausencia,0.051845559084976976,0.2757044770300418
Días de ausencia,0.05546526803082909,0.28172583335138296
Días de ausencia,0.05878949053212184,0.28805042344430243
Días de ausencia,0.06223683238531432,0.29431003487188373
Días de ausencia,0.06553643101622714,0.3011977733977344
Días de ausencia,0.06937775479549875,0.30743572527020296
Días de ausencia,0.07262810568565167,0.3129372522688384
Días de ausencia,0.076604860752013,0.31945677835777253
Días de ausencia,0.07983058777178596,0.3251965604626481
Días de ausencia,0.08305631479155894,0.3301132794732396
Días de ausencia,0.08672527147817094,0.33570144469232605
Días de ausencia,0.09035729235921303,0.3418094392341181
Días de ausencia,0.09387850582354534,0.3474625831185427
Días de ausencia,0.0973874073526877,0.3532023652234183
Días de ausencia,0.10148728177094876,0.3583789988953627
Días de ausencia,0.10500849523528108,0.3645952912127185
Días de ausencia,0.10944079190367142,0.3701401373215794
Días de ausencia,0.11272807859939425,0.37518681366284734
Días de ausencia,0.11636009948043634,0.38042842600012994
Días de ausencia,0.12015217551894807,0.3856916978925253
Días de ausencia,0.12409199477973948,0.39127986311161167
Días de ausencia,0.12792100662382114,0.39678139011024716
Días de ausencia,0.13163921105119303,0.40197968333730427
Días de ausencia,0.1358252690157839,0.40769780588706706
Días de ausencia,0.14006057472113467,0.41326431155104076
Días de ausencia,0.1437172194725567,0.41818103056163225
Días de ausencia,0.1479402132427175,0.42318438779267475
Días de ausencia,0.1523355741055379,0.42786285169702615
Días de ausencia,0.15718647657038734,0.43329940003032336
Días de ausencia,0.16126172711826844,0.4382594381511404
Días de ausencia,0.16568171185146882,0.4427213065043644
Días de ausencia,0.16932604466770088,0.4478329615109706
Días de ausencia,0.17341360715077195,0.45270636141133663
Días de ausencia,0.1771564354485238,0.4572548679850116
Días de ausencia,0.18118243825564503,0.46184669366891207
Días de ausencia,0.1857378542759351,0.4668500508999545
Días de ausencia,0.19003471965723573,0.47131191925317856
Días de ausencia,0.19420846568663663,0.4762502978188828
Días de ausencia,0.19855457880869715,0.48066884706188134
Días de ausencia,0.2033069857920268,0.4849357794190907
Días de ausencia,0.2081702001920662,0.4897225410990058
Días de ausencia,0.2122946984807072,0.49407611167666615
Días de ausencia,0.21683780256580729,0.4990578093525959
Días de ausencia,0.2210607963359681,0.5036279754813836
Días de ausencia,0.22551771687473837,0.508306439385735
Días de ausencia,0.23015931644135826,0.5130065628451992
Días de ausencia,0.23423456698923936,0.5179232818557907
Días de ausencia,0.2384329368890202,0.5223201715436765
Días de ausencia,0.2432592154834897,0.526327189239533
Días de ausencia,0.24703897958681145,0.5313522060256882
Días de ausencia,0.25158208367191154,0.5359223721544759
Días de ausencia,0.2561498116273916,0.540709133834391
Días de ausencia,0.26095146635148114,0.5446944919751349
Días de ausencia,0.26556844204772106,0.5492429985488098
Días de ausencia,0.2701484819383911,0.5538131646775976
Días de ausencia,0.27485164118096084,0.5586215859126253
Días de ausencia,0.27973947945138017,0.5638198791396825
Días de ausencia,0.2842825835364803,0.5677619181702008
Días de ausencia,0.28877643988082047,0.5721154887478611
Días de ausencia,0.293110241067691,0.5767722930970998
Días de ausencia,0.29757947354165126,0.5810392254543092
Días de ausencia,0.3020733298859915,0.5858043275791115
Días de ausencia,0.3064686907488119,0.5905694297039139
Días de ausencia,0.3115165841767009,0.5950529576122506
Días de ausencia,0.3167860924380094,0.5991466135285581
Días de ausencia,0.3217847381251385,0.6031536312244147
Días de ausencia,0.32661101671960796,0.6071173298100457
Días de ausencia,0.33176971756420676,0.6117524746041716
Días de ausencia,0.3370638496958952,0.6161277047369447
Días de ausencia,0.34218561473492404,0.6199397864367866
Días de ausencia,0.34722119622762304,0.6244666334553488
Días de ausencia,0.3521952180443722,0.6283003747103034
Días de ausencia,0.3574031666297309,0.6328922003942039
Días de ausencia,0.36238950038167,0.6370508349758496
Días de ausencia,0.36741276993917904,0.6420758517620048
Días de ausencia,0.3729654527098569,0.6464077627845524
Días de ausencia,0.3780379700081259,0.6502848231497325
Días de ausencia,0.3832705424638645,0.6545300959518291
Días de ausencia,0.3876659033266849,0.6589919643050531
Días de ausencia,0.39239368643963457,0.6631289393315861
Días de ausencia,0.3978232498584127,0.6674175312439082
Días de ausencia,0.40294501489744156,0.6712729320539756
Días de ausencia,0.4087439363719189,0.675453226190734
Días de ausencia,0.41406269237398735,0.6793952652212524
Días de ausencia,0.4185688606535175,0.6838787931295891
Días de ausencia,0.4243554701928049,0.6874309601680781
Días de ausencia,0.42942798749107386,0.6912647014230328
Días de ausencia,0.4351407254192214,0.6955099742251294
Días de ausencia,0.44053335303242963,0.699755247027226
Días de ausencia,0.44572898968259833,0.703805583833308
Días de ausencia,0.45066607569377753,0.7078342610842774
Días de ausencia,0.45566472138090663,0.7120145552210357
Días de ausencia,0.46062643126246583,0.7162598280231324
Días de ausencia,0.46544039792174535,0.7203101648292144
Días de ausencia,0.47078377779419367,0.7246853949619875
Días de ausencia,0.4753638176848637,0.7285407957720549
Días de ausencia,0.4806333259461722,0.7322229201412203
Días de ausencia,0.4859643938834306,0.7364681929433169
Días de ausencia,0.4911107827928394,0.7401286577573697
Días de ausencia,0.4966388416931373,0.7445038878901428
Días de ausencia,0.5021176528526754,0.7481860122593081
Días de ausencia,0.5075718401418335,0.7518248175182481
Días de ausencia,0.5131368348477013,0.7556585587732028
Días de ausencia,0.51834478343306,0.7596005978037211
Días de ausencia,0.5238605303981679,0.7632827221728866
Días de ausencia,0.5292162222058063,0.7671597825380667
Días de ausencia,0.5341902440225554,0.7709935237930213
Días de ausencia,0.5399645416266529,0.7745240312763976
Días de ausencia,0.5456157198788506,0.7781411769802248
Días de ausencia,0.5512668981310482,0.7820615564556304
Días de ausencia,0.5567087734850164,0.7861768719270507
Días de ausencia,0.5620644652926547,0.7897290389655397
Días de ausencia,0.5677648912856122,0.7936277588858325
Días de ausencia,0.5729974637413509,0.7974615001407871
Días de ausencia,0.5789687523084879,0.8012302627304035
Días de ausencia,0.5846322424958755,0.8051939613160346
Días de ausencia,0.590837457831622,0.8085511923585089
Días de ausencia,0.5968087463987589,0.8122549762827872
Días de ausencia,0.6030508975400753,0.8160887175377418
Días de ausencia,0.6079387358104947,0.8205939050011912
Días de ausencia,0.613762281155352,0.8245576035868223
Días de ausencia,0.6191549087685603,0.8284779830622279
Días de ausencia,0.6254093718450666,0.8322467456518443
Días de ausencia,0.6320208810420822,0.8358855509107843
Días de ausencia,0.6380291054147891,0.8395026966146115
Días de ausencia,0.6438526507596464,0.8429898849877624
Días de ausencia,0.6502056093176726,0.8466286902467023
Días de ausencia,0.6562877053015193,0.8498992830687258
Días de ausencia,0.6623451774149861,0.8537546838787932
Días de ausencia,0.668365713722883,0.8575234464684095
Días de ausencia,0.674755608086479,0.8612272303926878
Días de ausencia,0.6811331905148851,0.8651909289783188
Días de ausencia,0.6873630297210116,0.8684182026901167
Días de ausencia,0.6936421166678979,0.8719487101734931
Días de ausencia,0.7000196990963039,0.8757607918733349
Días de ausencia,0.7067912634507892,0.8793129589118239
Días de ausencia,0.7139198739257837,0.8826485303991856
Días de ausencia,0.7211716037526779,0.8863089952132384
Días de ausencia,0.7277338652089336,0.8898395026966146
Días de ausencia,0.7348255398783581,0.8932183932942017
Días de ausencia,0.7417202235847431,0.8969005176633672
Días de ausencia,0.7483194208465687,0.9001494509302779
Días de ausencia,0.7553249119696633,0.9036366393034287
Días de ausencia,0.7612962005368004,0.9064740410231974
Días de ausencia,0.7684617468173648,0.9098745911758972
Días de ausencia,0.7749870724680505,0.913123524442808
Días de ausencia,0.7816232055354461,0.9162208408239295
Días de ausencia,0.7891581098717096,0.9191665403192618
Días de ausencia,0.7955110684297357,0.9221772184799324
Días de ausencia,0.801827091182192,0.9252312157508285
Días de ausencia,0.807798379749329,0.9283935107972883
Días de ausencia,0.8150131737706533,0.9317290822846499
Días de ausencia,0.8226342616532467,0.9349130368862224
Días de ausencia,0.830710891137869,0.9381186510429076
Días de ausencia,0.8382581074093226,0.9412159674240291
Días de ausencia,0.8461008101253354,0.9446165175767289
Días de ausencia,0.8540666321932482,0.9475405575169487
Días de ausencia,0.861453793307232,0.9501830232407026
Días de ausencia,0.8689517618379257,0.9528688080746821
Días de ausencia,0.8765236019797592,0.9555979120188871
Días de ausencia,0.8839846347048829,0.9583703350733176
Días de ausencia,0.8913348600132969,0.9609261625766207
Días de ausencia,0.8998547191647583,0.9640451385128549
Días de ausencia,0.9083376425106499,0.9665576469059326
Días de ausencia,0.916057225874763,0.9692650912950248
Días de ausencia,0.9241215434241954,0.9714310468062985
Días de ausencia,0.9314963926029893,0.9742467889709545
Días de ausencia,0.9390436088744429,0.9769542333600468
Días de ausencia,0.9470094309423556,0.979834954190041
Días de ausencia,0.9543842801211494,0.982477419913795
Días de ausencia,0.9611189086700648,0.9856613745153675
Días de ausencia,0.9691955381546872,0.9883688189044597
Días de ausencia,0.9778262047228583,0.9908380081873118
Días de ausencia,0.9875403215877472,0.9933288570252767
Días de ausencia,0.9950382901184408,0.9957547271979034
Días de ausencia,1.0,1.0
Traslado / restricción,0.0,0.0
Traslado / restricción,0.001974267968056788,0.016330477290430016
Traslado / restricción,0.003782165039929015,0.03164029975020816
Traslado / restricción,0.006510647737355812,0.05280545781741022
Traslado / restricción,0.008540372670807454,0.06553678386290994
Traslado / restricción,0.01096938775510204,0.07867099997314066
Traslado / restricción,0.01327639751552795,0.08976390642206764
Traslado / restricción,0.01574977817213842,0.09999731406623513
Traslado / restricción,0.018134427684117126,0.10921006687975074
Traslado / restricción,0.020862910381543923,0.11984636458864924
Traslado / restricción,0.023691215616681454,0.1301334909081142
Traslado / restricción,0.02658606921029281,0.13867476028041148
Traslado / restricción,0.029370008873114462,0.14753834170449356
Traslado / restricción,0.03226486246672582,0.15527383094732883
Traslado / restricción,0.034838065661047024,0.16373452230667992
Traslado / restricción,0.037610913930789705,0.17136257419892026
Traslado / restricción,0.04056122448979592,0.17901748542880933
Traslado / restricción,0.04353371783496007,0.1871558647363756
Traslado / restricción,0.04667258207630878,0.19497193199215707
Traslado / restricción,0.04953416149068323,0.20461443420805242
Traslado / restricción,0.052196095829636205,0.2126722355026725
Traslado / restricción,0.05522404614019521,0.2209986301737799
Traslado / restricción,0.05836291038154392,0.22792833928715317
Traslado / restricción,0.06106921029281278,0.23520721978995998
Traslado / restricción,0.06400842945874002,0.24237866294217184
Traslado / restricción,0.06740239574090506,0.2491472160296527
Traslado / restricción,0.07076308784383319,0.25798393811608605
Traslado / restricción,0.07391304347826087,0.264645053852972
Traslado / restricción,0.07706299911268856,0.2725685584593484
Traslado / restricción,0.08044587400177462,0.27820901936558246
Traslado / restricción,0.08359582963620231,0.285111869141307
Traslado / restricción,0.0867014196983141,0.2920147189170315
Traslado / restricción,0.08976264418811003,0.2984072412774301
Traslado / restricción,0.09269077196095829,0.30520265370255967
Traslado / restricción,0.09570763087843834,0.3107893959334963
Traslado / restricción,0.09912377994676132,0.31710134028094866
Traslado / restricción,0.10224046140195209,0.32330584727780615
Traslado / restricción,0.10551242236024845,0.32972522897585343
Traslado / restricción,0.10876220053238687,0.335419408557385
Traslado / restricción,0.11232253771073647,0.3413553221777551
Traslado / restricción,0.11563886424134871,0.34723751712282774
Traslado / restricción,0.11872227151730258,0.3545163976256345
Traslado / restricción,0.12207187222715173,0.36015685853186863
Traslado / restricción,0.12547692990239573,0.3663345061910773
Traslado / restricción,0.1286379769299024,0.3724315758373399
Traslado / restricción,0.13192102928127772,0.37836748945771
Traslado / restricción,0.13606921029281277,0.3847062931428111
Traslado / restricción,0.13959627329192548,0.3901050200102065
Traslado / restricción,0.14312333629103816,0.3958260589293868
Traslado / restricción,0.14621783496007099,0.40152023851091834
Traslado / restricción,0.1493566992014197,0.4075904488195321
Traslado / restricción,0.15258429458740017,0.41323090972576615
Traslado / restricción,0.15593389529724933,0.4189519486449464
Traslado / restricción,0.15979370008873114,0.4247535655770729
Traslado / restricción,0.1630323868677906,0.4303671671456582
Traslado / restricción,0.16660381543921918,0.43635679944132577
Traslado / restricción,0.1701086956521739,0.4415675109451801
Traslado / restricción,0.17391304347826086,0.44747656522790147
Traslado / restricción,0.1772404614019521,0.45298272944589185
Traslado / restricción,0.181066992014197,0.4584620343262335
Traslado / restricción,0.18490461401952085,0.4639950578818726
Traslado / restricción,0.18842058562555458,0.46960865945045793
Traslado / restricción,0.1922360248447205,0.47498052698020465
Traslado / restricción,0.19587400177462289,0.48048669119819504
Traslado / restricción,0.19925687666370895,0.48679863554564745
Traslado / restricción,0.2028837622005324,0.49182133168596065
Traslado / restricción,0.20658828748890862,0.49689774650157126
Traslado / restricción,0.21048136645962734,0.5023501920442642
Traslado / restricción,0.21445208518189884,0.5084741210281755
Traslado / restricción,0.21821206743566993,0.5140877225967607
Traslado / restricción,0.22196095829636203,0.5197013241653461
Traslado / restricción,0.22606477373558118,0.5252880663962827
Traslado / restricción,0.22975820763087842,0.5306330745883806
Traslado / restricción,0.23352928127772848,0.536139238806371
Traslado / restricción,0.23741126885536823,0.5414305283231715
Traslado / restricción,0.24131543921916593,0.5466412398270258
Traslado / restricción,0.24501996450754215,0.5515833579543928
Traslado / restricción,0.24882431233362912,0.5566597727700034
Traslado / restricción,0.2527506654835847,0.5621122183126964
Traslado / restricción,0.25668811002661934,0.5678869759071741
Traslado / restricción,0.26112466725820765,0.5729096720474873
Traslado / restricción,0.2651841171251109,0.5780129462007467
Traslado / restricción,0.26872227151730255,0.5831430796916548
Traslado / restricción,0.2733030168589175,0.5888372592731863
Traslado / restricción,0.27731810115350486,0.5943971421664742
Traslado / restricción,0.2813553682342502,0.5996884316832747
Traslado / restricción,0.2854480922803904,0.6051140178883189
Traslado / restricción,0.2894409937888199,0.6102441513792269
Traslado / restricción,0.2934117125110914,0.61548172222073
Traslado / restricción,0.2972382431233363,0.6201552469716097
Traslado / restricción,0.3018300798580302,0.6256614111896001
Traslado / restricción,0.3059893522626442,0.6304960919663721
Traslado / restricción,0.3104924578527063,0.6353039134054954
Traslado / restricción,0.3152506654835847,0.6402191721952136
Traslado / restricción,0.3196206743566992,0.6448389782707958
Traslado / restricción,0.3240128660159716,0.6498079557358115
Traslado / restricción,0.32895962732919254,0.65450833982434
Traslado / restricción,0.3333074534161491,0.6597190513281942
Traslado / restricción,0.33724489795918366,0.6645268727673176
Traslado / restricción,0.3413265306122449,0.6690929601676022
Traslado / restricción,0.34567435669920143,0.6735784695549408
Traslado / restricción,0.3499667258207631,0.6785205876823077
Traslado / restricción,0.3544920141969831,0.6829523783943487
Traslado / restricción,0.3595053238686779,0.6880287932099595
Traslado / restricción,0.3641193433895297,0.6925948806102441
Traslado / restricción,0.3686335403726708,0.6968386559587441
Traslado / restricción,0.3732142857142857,0.70137788402138
Traslado / restricción,0.3779946761313221,0.705809674733421
Traslado / restricción,0.38225377107364683,0.7103757621337058
Traslado / restricción,0.38650177462289265,0.7148881308586931
Traslado / restricción,0.3914152617568767,0.7197496709731138
Traslado / restricción,0.3961845607808341,0.7242083210228035
Traslado / restricción,0.40103149955634426,0.7288012677607371
Traslado / restricción,0.40559006211180126,0.7330450431092369
Traslado / restricción,0.41074755989352263,0.7376379898471703
Traslado / restricción,0.4152284826974268,0.7419623432086164
Traslado / restricción,0.420463620230701,0.74655528994655
Traslado / restricción,0.42513309671694766,0.7502350192044264
Traslado / restricción,0.430290594498669,0.7542907791893851
Traslado / restricción,0.43540372670807453,0.7584002578496414
Traslado / restricción,0.4405501330967169,0.7621337057828154
Traslado / restricción,0.4456743566992014,0.766108887754828
Traslado / restricción,0.451131322094055,0.7696543203244608
Traslado / restricción,0.45618899733806567,0.7737100803094196
Traslado / restricción,0.4615461401952085,0.7777926996320271
Traslado / restricción,0.46633762200532386,0.7819827563052295
Traslado / restricción,0.4709405501330967,0.7863876876796219
Traslado / restricción,0.4760758651286602,0.7902554323010395
Traslado / restricción,0.4815106477373558,0.7940694582471596
Traslado / restricción,0.4863243123336291,0.7982595149203621
Traslado / restricción,0.4917590949423248,0.8018855255029411
Traslado / restricción,0.49706078083407274,0.8057532701243587
Traslado / restricción,0.5021184560780834,0.8103730761999409
Traslado / restricción,0.507564330079858,0.8141065241331149
Traslado / restricción,0.513631322094055,0.8184040181569122
Traslado / restricción,0.5195208518189884,0.8219225913888963
Traslado / restricción,0.5248003549245785,0.8253068679326367
Traslado / restricción,0.5313553682342502,0.8293894872552443
Traslado / restricción,0.536756876663709,0.8329617791625259
Traslado / restricción,0.542812777284827,0.8366952270956998
Traslado / restricción,0.5494121561668146,0.8406435497300636
Traslado / restricción,0.5554125998225377,0.8444307163385351
Traslado / restricción,0.5609693877551021,0.8484058983105477
Traslado / restricción,0.5674911268855368,0.8518170341919368
Traslado / restricción,0.5736246672582076,0.855926512852193
Traslado / restricción,0.5799578527063,0.8598211168112594
Traslado / restricción,0.5868677905944987,0.8629099406408638
Traslado / restricción,0.5930567879325643,0.8664553732104966
Traslado / restricción,0.599977817213842,0.8698933684295346
Traslado / restricción,0.6063997338065661,0.8729284735838414
Traslado / restricción,0.6126330967169477,0.8758292820499046
Traslado / restricción,0.6186224489795918,0.8790792619054014
Traslado / restricción,0.624622892635315,0.8825172571244393
Traslado / restricción,0.6312444543034605,0.8857403776422873
Traslado / restricción,0.637111801242236,0.8888829201471892
Traslado / restricción,0.6438553682342503,0.8923746340415245
Traslado / restricción,0.6504769299023957,0.8960275039617523
Traslado / restricción,0.656444099378882,0.8993580618301953
Traslado / restricción,0.6633318544809228,0.9019634175821224
Traslado / restricción,0.6698757763975155,0.9055894281647014
Traslado / restricción,0.6758207630878438,0.908463377293116
Traslado / restricción,0.6826197870452528,0.9113104670838817
Traslado / restricción,0.6895297249334517,0.9148827589911632
Traslado / restricción,0.6958629103815439,0.9179984421584164
Traslado / restricción,0.7020186335403726,0.9210066879750746
Traslado / restricción,0.7086956521739131,0.9238537777658403
Traslado / restricción,0.7147071872227152,0.9270500389460395
Traslado / restricción,0.7217613132209405,0.9311057989309983
Traslado / restricción,0.7285603371783496,0.9335499986570331
Traslado / restricción,0.7359250221827861,0.9362359324219065
Traslado / restricción,0.7432786157941438,0.9389487255244285
Traslado / restricción,0.7505212954747116,0.9416883779645994
Traslado / restricción,0.7567324755989352,0.944454889742419
Traslado / restricción,0.7634538598047915,0.9470602454943461
Traslado / restricción,0.7696206743566992,0.9503639440251404
Traslado / restricción,0.7765749778172139,0.9532110338159061
Traslado / restricción,0.7845607808340728,0.9562729983078617
Traslado / restricción,0.7920141969831411,0.9590126507480325
Traslado / restricción,0.7999667258207631,0.9616985845129059
Traslado / restricción,0.8072426796805678,0.9642233622518869
Traslado / restricción,0.815184117125111,0.9671241707179501
Traslado / restricción,0.823136645962733,0.9693803550804437
Traslado / restricción,0.8323425022182787,0.9718514141441272
Traslado / restricción,0.8406721384205856,0.9743493325454594
Traslado / restricción,0.8481699201419698,0.9764443608820607
Traslado / restricción,0.8567102928127773,0.9790765759716366
Traslado / restricción,0.865117568766637,0.9812253229835353
Traslado / restricción,0.8731588287488908,0.9837769600601649
Traslado / restricción,0.8820652173913044,0.9866777685262281
Traslado / restricción,0.8909605146406389,0.9896322956675888
Traslado / restricción,0.9002994676131322,0.9918079020171363
Traslado / restricción,0.9122227151730258,0.9929091348607343
Traslado / restricción,0.9226486246672582,0.9935268996266552
Traslado / restricción,0.9358917480035492,0.9940640863796298
Traslado / restricción,0.9466725820763088,0.994762429158497
Traslado / restricción,0.9604148181011535,0.9953533345867691
Traslado / restricción,0.9714840283939663,0.9957562246515
Traslado / restricción,0.9817102928127773,0.9966694421315571
Traslado / restricción,0.992446761313221,0.9977169562998577
Traslado / restricción,1.0,1.0
Otro caso registrable,0.0,0.0
Otro caso registrable,0.0004913769340476276,0.02081816527120495
Otro caso registrable,0.002313067031004686,0.03383236257735712
Otro caso registrable,0.004170711537770108,0.0448443756825628
Otro caso registrable,0.0058605687987631685,0.057471787404441206
Otro caso registrable,0.0073706540107144145,0.07107753913360029
Otro caso registrable,0.00885676961612675,0.08336366945759009
Otro caso registrable,0.010462733254233633,0.09485347651983983
Otro caso registrable,0.012272438547921236,0.10561521659992719
Otro caso registrable,0.014285885497189564,0.11639970877320714
Otro caso registrable,0.016527043708577525,0.12654714233709502
Otro caso registrable,0.018828125936312754,0.13721787404441207
Otro caso registrable,0.0214408130490538,0.14727429923552968
Otro caso registrable,0.02387372811275303,0.1571032034947215
Otro caso registrable,0.026606263258188618,0.1670686203130688
Otro caso registrable,0.029866129747480194,0.17880870040043684
Otro caso registrable,0.03250278646676015,0.18968420094648708
Otro caso registrable,0.03516341279257901,0.19928558427375317
Otro caso registrable,0.03824350723282877,0.20925100109210049
Otro caso registrable,0.041563297738467626,0.21896614488532945
Otro caso registrable,0.04489507304737593,0.2276801965780852
Otro caso registrable,0.04785531945493115,0.23671277757553694
Otro caso registrable,0.050611824206905645,0.24529031670913723
Otro caso registrable,0.05406344754850849,0.2535720786312341
Otro caso registrable,0.05697575474298589,0.26060247542773934
Otro caso registrable,0.06011577319958293,0.2675418638514743
Otro caso registrable,0.06338762449214397,0.2754368401892974
Otro caso registrable,0.06683924783374681,0.28180742628321803
Otro caso registrable,0.07003919030669112,0.28881507098653075
Otro caso registrable,0.07334699600906051,0.2949353840553331
Otro caso registrable,0.07618739438392119,0.3018292682926829
Otro caso registrable,0.07921954961109313,0.3086093920640699
Otro caso registrable,0.08217979601864836,0.3143884237349836
Otro caso registrable,0.08525989045889812,0.3209637786676374
Otro caso registrable,0.08839990891549515,0.3274481252275209
Otro caso registrable,0.0913002313067031,0.33375045504186385
Otro caso registrable,0.0944762041731085,0.33989352020385877
Otro caso registrable,0.09768813144932226,0.34615034583181653
Otro caso registrable,0.10094799793861384,0.3520658900618857
Otro caso registrable,0.10382435072328287,0.3584819803421915
Otro caso registrable,0.10716811083546064,0.3647843101565344
Otro caso registrable,0.11017629645609367,0.37106388787768474
Otro caso registrable,0.11385563105981615,0.37693392792136876
Otro caso registrable,0.11703160392622156,0.38312249726974884
Otro caso registrable,0.12018360718608805,0.389197306152166
Otro caso registrable,0.12341950406884071,0.39538587550054605
Otro caso registrable,0.1266554009515934,0.4013696760101929
Otro caso registrable,0.13011900909646568,0.4071259555879141
Otro caso registrable,0.1337384196838409,0.4129959956315981
Otro caso registrable,0.13692637735351573,0.4185247542773935
Otro caso registrable,0.1401383046297295,0.4245995631598107
Otro caso registrable,0.14351801915171564,0.4303103385511467
Otro caso registrable,0.147484989033905,0.4359301055697124
Otro caso registrable,0.15088867316243004,0.4415726246814707
Otro caso registrable,0.15454403815961362,0.4471013833272661
Otro caso registrable,0.15825932717314445,0.4524481252275209
Otro caso registrable,0.16162705689186113,0.4579313796869312
Otro caso registrable,0.16560601157731997,0.46334637786676375
Otro caso registrable,0.16911755893527008,0.4684655988350928
Otro caso registrable,0.17307254401419,0.47388059701492535
Otro caso registrable,0.17650019774925393,0.47899981798325447
Otro caso registrable,0.17965220100912044,0.48411903895158354
Otro caso registrable,0.1833315356128429,0.48942027666545324
Otro caso registrable,0.1870947638394516,0.49531306880232984
Otro caso registrable,0.19075012883663514,0.5006598107025846
Otro caso registrable,0.19424969139131582,0.506029304696032
Otro caso registrable,0.19815673725715793,0.5111257735711685
Otro caso registrable,0.20182408705761096,0.5164270112850382
Otro caso registrable,0.20589892016922542,0.5221832908627594
Otro caso registrable,0.20962619398602572,0.5273025118310884
Otro caso registrable,0.2135691942616762,0.5323307244266473
Otro caso registrable,0.21722455925885978,0.5378367309792501
Otro caso registrable,0.22040053212526517,0.5425236621769203
Otro caso registrable,0.22418772995841274,0.5474608663997088
Otro caso registrable,0.2283464566929134,0.5520567892246087
Otro caso registrable,0.23228945696856387,0.5570622497269749
Otro caso registrable,0.23628039645729215,0.5621132144157263
Otro caso registrable,0.24069080406045135,0.5679377502730251
Otro caso registrable,0.24463380433610182,0.5725564251911176
Otro caso registrable,0.2481813061038603,0.5777439024390244
Otro caso registrable,0.25205239755989406,0.5821805606115763
Otro caso registrable,0.25633097232708923,0.5865944666909355
Otro caso registrable,0.26060954709428447,0.5916226792864944
Otro caso registrable,0.2643607905176237,0.5960820895522388
Otro caso registrable,0.2683397452030825,0.6010192937750273
Otro caso registrable,0.27267824398662494,0.6056607207863124
Otro caso registrable,0.2773882716715205,0.6105524208227157
Otro caso registrable,0.28176272486487136,0.6146705496905716
Otro caso registrable,0.28595740600918035,0.6187886785584273
Otro caso registrable,0.29059552487445917,0.6235438660356752
Otro caso registrable,0.2947182971991515,0.6285493265380415
Otro caso registrable,0.29902084157288555,0.6332817619220968
Otro caso registrable,0.30340727956950586,0.6380824535857299
Otro caso registrable,0.30784165677920394,0.6431334182744812
Otro caso registrable,0.31214420115293806,0.6479341099381143
Otro caso registrable,0.31685422883783365,0.6523707681106662
Otro caso registrable,0.3211567732115677,0.6571032034947215
Otro caso registrable,0.32526756073299057,0.6619721514379323
Otro caso registrable,0.32976186195903595,0.6662267928649436
Otro caso registrable,0.33406440633277007,0.6702994175464143
Otro caso registrable,0.33831901149342636,0.6745540589734256
Otro caso registrable,0.34324476563717204,0.6797187841281398
Otro caso registrable,0.3475353252076367,0.6847469967236985
Otro caso registrable,0.3519936720238737,0.6892519111758282
Otro caso registrable,0.357039274200314,0.6935748088824172
Otro caso registrable,0.361629453852515,0.6977839461230433
Otro caso registrable,0.367274296192428,0.7031534401164907
Otro caso registrable,0.37237982238521555,0.7074763378230797
Otro caso registrable,0.37705389566030273,0.7119129959956316
Otro caso registrable,0.3818598017713539,0.7165089188205315
Otro caso registrable,0.3867496015052913,0.7210593374590463
Otro caso registrable,0.39129184194441446,0.7252229705132872
Otro caso registrable,0.39625355049796857,0.7295231161266836
Otro caso registrable,0.40096357818286416,0.7336412449945395
Otro caso registrable,0.40538597058929277,0.7378276301419731
Otro caso registrable,0.4103956183559247,0.742582817619221
Otro caso registrable,0.4160644303023766,0.7464051692755733
Otro caso registrable,0.42124186531478086,0.751069348380051
Otro caso registrable,0.4265631179664186,0.7554605023662176
Otro caso registrable,0.43273529165018754,0.759555879140881
Otro caso registrable,0.43773295461355,0.7637877684746996
Otro caso registrable,0.4428384808063376,0.7676783764106297
Otro caso registrable,0.4479799614089335,0.7719102657444485
Otro caso registrable,0.45273792830690684,0.7762331634510375
Otro caso registrable,0.45865842112201727,0.7801692755733527
Otro caso registrable,0.464243339445583,0.7844011649071715
Otro caso registrable,0.47012787785088506,0.7880414998179832
Otro caso registrable,0.47590455302676204,0.7918183472879505
Otro caso registrable,0.4816093193830223,0.7955951947579177
Otro caso registrable,0.4871582832967797,0.7995540589734256
Otro caso registrable,0.4928990040628483,0.8031033855114671
Otro caso registrable,0.4983880439602584,0.8076082999635966
Otro caso registrable,0.5041287647263271,0.8115216599927193
Otro caso registrable,0.5101211663610542,0.8150482344375682
Otro caso registrable,0.5161375376023203,0.8187568256279578
Otro caso registrable,0.5219981064010835,0.822374408445577
Otro caso registrable,0.5277148575606131,0.8262195121951219
Otro caso registrable,0.5330840494253287,0.8298825991991263
Otro caso registrable,0.5384652260933137,0.8338414634146342
Otro caso registrable,0.5440261748103404,0.8378230797233346
Otro caso registrable,0.5496949867567924,0.8411221332362577
Otro caso registrable,0.5559270844569086,0.8446032034947215
Otro caso registrable,0.5613322307314326,0.8482662904987259
Otro caso registrable,0.5677201308740517,0.8522024026210412
Otro caso registrable,0.5732810795910785,0.8558882417182381
Otro caso registrable,0.5793813444552308,0.8593920640698944
Otro caso registrable,0.5853617612866885,0.8631461594466691
Otro caso registrable,0.5906590443317873,0.866672733891518
Otro caso registrable,0.5967353395894006,0.8697897706589006
Otro caso registrable,0.603075300518942,0.8732708409173644
Otro caso registrable,0.6093073982190582,0.8768656716417911
Otro caso registrable,0.615395678279941,0.8800964688751365
Otro caso registrable,0.6213401407015904,0.8841008372770295
Otro caso registrable,0.6277639952540179,0.8879459410265744
Otro caso registrable,0.6347631203633792,0.8911312340735348
Otro caso registrable,0.6415585038171598,0.8942027666545322
Otro caso registrable,0.648605568139599,0.8977975973789588
Otro caso registrable,0.6554369060031879,0.9011876592646524
Otro caso registrable,0.6623041982765853,0.9039406625409537
Otro caso registrable,0.6692433993695993,0.9071259555879141
Otro caso registrable,0.6758230563645298,0.9103795049144521
Otro caso registrable,0.6827502726542743,0.9130187477247906
Otro caso registrable,0.689785352173444,0.9159082635602476
Otro caso registrable,0.6969043253155,0.9194120859119039
Otro caso registrable,0.7045386449981423,0.922233345467783
Otro caso registrable,0.7118613597957789,0.9253503822351656
Otro caso registrable,0.7187286520691762,0.9283764106297779
Otro caso registrable,0.7251285370150649,0.9310156534401165
Otro caso registrable,0.7328467503205935,0.9339279213687659
Otro caso registrable,0.740193434724769,0.936430651619949
Otro caso registrable,0.7468210309327772,0.939047142337095
Otro caso registrable,0.7534486271407855,0.9419594102657445
Otro caso registrable,0.7609750835940028,0.9443483800509647
Otro caso registrable,0.7681419959491365,0.9466918456497998
Otro caso registrable,0.7755006651565814,0.9489670549690572
Otro caso registrable,0.7832668176751879,0.9514925373134329
Otro caso registrable,0.7903618212107049,0.9537222424463051
Otro caso registrable,0.7983437001881614,0.956179468511103
Otro caso registrable,0.806697108066971,0.9587504550418638
Otro caso registrable,0.8144392909790386,0.9610256643611212
Otro caso registrable,0.8226848356284232,0.9634601383327266
Otro caso registrable,0.8314936660314721,0.9654850746268657
Otro caso registrable,0.8393317273696952,0.9676010192937751
Otro caso registrable,0.8466424573640624,0.9699444848926101
Otro caso registrable,0.8544805187022855,0.9718329086275938
Otro caso registrable,0.8626541545320534,0.9738578449217328
Otro caso registrable,0.8715109241481801,0.9754959956315981
Otro caso registrable,0.8802358609283428,0.9773616672733891
Otro caso registrable,0.8890087369215834,0.9788405533309065
Otro caso registrable,0.8983928378815662,0.9804559519475792
Otro caso registrable,0.9087357231031052,0.9816618128867856
Otro caso registrable,0.9178921128009684,0.9832772115034584
Otro caso registrable,0.9296851592181115,0.9853021477975974
Otro caso registrable,0.9437553182564509,0.9870540589734256
Otro caso registrable,0.9541101882812594,0.9886922096832909
Otro caso registrable,0.9664665204520668,0.9903076082999636
Otro caso registrable,0.9755390165270437,0.9919685111030215
Otro caso registrable,0.985042965519721,0.9935839097196942
Otro caso registrable,0.9943671424633564,0.9961776483436476
Otro caso registrable,1.0,1.0
